ISO-10303-21;
HEADER;
FILE_DESCRIPTION (( 'STEP AP214' ),
    '1' );
FILE_NAME ('7463F586-4D18-4BAB-B954-A944BA34A439.STEP',
    '2026-09-15T03:53:40',
    ( '' ),
    ( '' ),
    'SwSTEP 2.0',
    'SolidWorks 2022',
    '' );
FILE_SCHEMA (( 'AUTOMOTIVE_DESIGN' ));
ENDSEC;

DATA;
#1 = FILL_AREA_STYLE_COLOUR ( '', #1388 ) ;
#2 = ORIENTED_EDGE ( 'NONE', *, *, #1921, .T. ) ;
#3 = EDGE_LOOP ( 'NONE', ( #250, #1623, #1279, #2317 ) ) ;
#4 = FILL_AREA_STYLE ('',( #826 ) ) ;
#5 = CARTESIAN_POINT ( 'NONE',  ( 1.320057025423998720, 0.8249999728495815976, 0.2000000011649166742 ) ) ;
#6 = DIRECTION ( 'NONE',  ( -1.000000000000000000, 0.0000000000000000000, -0.0000000000000000000 ) ) ;
#7 =( LENGTH_UNIT ( ) NAMED_UNIT ( * ) SI_UNIT ( .MILLI., .METRE. ) );
#8 = DIRECTION ( 'NONE',  ( 1.000000000000000000, 0.0000000000000000000, 0.0000000000000000000 ) ) ;
#9 = CYLINDRICAL_SURFACE ( 'NONE', #2172, 0.03000000000000003011 ) ;
#10 = APPLICATION_CONTEXT ( 'automotive_design' ) ;
#11 = FILL_AREA_STYLE ('',( #1239 ) ) ;
#12 = ORIENTED_EDGE ( 'NONE', *, *, #785, .T. ) ;
#13 = AXIS2_PLACEMENT_3D ( 'NONE', #1030, #2215, #1824 ) ;
#14 = DIRECTION ( 'NONE',  ( 1.000000000000000000, 0.0000000000000000000, -0.0000000000000000000 ) ) ;
#15 =( GEOMETRIC_REPRESENTATION_CONTEXT ( 3 ) GLOBAL_UNCERTAINTY_ASSIGNED_CONTEXT ( ( #120 ) ) GLOBAL_UNIT_ASSIGNED_CONTEXT ( ( #1324, #2136, #2334 ) ) REPRESENTATION_CONTEXT ( 'NONE', 'WORKASPACE' ) );
#16 = CARTESIAN_POINT ( 'NONE',  ( -1.319999999999999618, 0.7950000000000000400, 0.05999999999999983125 ) ) ;
#17 = ADVANCED_FACE ( 'NONE', ( #77 ), #2279, .T. ) ;
#18 = AXIS2_PLACEMENT_3D ( 'NONE', #1166, #541, #2103 ) ;
#19 = ADVANCED_FACE ( 'NONE', ( #1095 ), #516, .F. ) ;
#20 =( LENGTH_UNIT ( ) NAMED_UNIT ( * ) SI_UNIT ( .MILLI., .METRE. ) );
#21 = ORIENTED_EDGE ( 'NONE', *, *, #721, .T. ) ;
#22 = PRODUCT_DEFINITION ( 'UNKNOWN', '', #2046, #779 ) ;
#23 = AXIS2_PLACEMENT_3D ( 'NONE', #479, #1876, #852 ) ;
#24 = STYLED_ITEM ( 'NONE', ( #1915 ), #635 ) ;
#25 = CYLINDRICAL_SURFACE ( 'NONE', #1182, 0.009999999999999998473 ) ;
#26 = CARTESIAN_POINT ( 'NONE',  ( 1.350000000000000089, -0.8249999999999999556, 0.06000000000000000472 ) ) ;
#27 = ORIENTED_EDGE ( 'NONE', *, *, #1570, .T. ) ;
#28 = ORIENTED_EDGE ( 'NONE', *, *, #84, .T. ) ;
#29 = DIRECTION ( 'NONE',  ( -0.0000000000000000000, -1.000000000000000000, -0.0000000000000000000 ) ) ;
#30 = DIRECTION ( 'NONE',  ( 3.855935168389960214E-16, -3.855935168389912389E-16, 1.000000000000000000 ) ) ;
#31 = DIRECTION ( 'NONE',  ( 0.0000000000000000000, 0.0004077107695549854753, -0.9999999168859606824 ) ) ;
#32 = AXIS2_PLACEMENT_3D ( 'NONE', #1624, #1767, #627 ) ;
#33 = VECTOR ( 'NONE', #2167, 1000.000000000000000 ) ;
#34 = DIRECTION ( 'NONE',  ( -0.0000000000000000000, -0.0000000000000000000, -1.000000000000000000 ) ) ;
#35 = ORIENTED_EDGE ( 'NONE', *, *, #147, .T. ) ;
#36 = EDGE_CURVE ( 'NONE', #2129, #1372, #1576, .T. ) ;
#37 = DIRECTION ( 'NONE',  ( 0.0000000000000000000, 0.0000000000000000000, -1.000000000000000000 ) ) ;
#38 = SURFACE_STYLE_USAGE ( .BOTH. , #1605 ) ;
#39 = ORIENTED_EDGE ( 'NONE', *, *, #1950, .T. ) ;
#40 = UNCERTAINTY_MEASURE_WITH_UNIT (LENGTH_MEASURE( 1.000000000000000082E-05 ), #835, 'distance_accuracy_value', 'NONE');
#41 = CYLINDRICAL_SURFACE ( 'NONE', #2381, 0.01000000000000000021 ) ;
#42 = DIRECTION ( 'NONE',  ( 1.000000000000000000, 0.0000000000000000000, -3.388131789017192482E-16 ) ) ;
#43 = LINE ( 'NONE', #459, #1997 ) ;
#44 = DIRECTION ( 'NONE',  ( 0.0000000000000000000, -1.000000000000000000, 3.388131789017192482E-16 ) ) ;
#45 = DIRECTION ( 'NONE',  ( 0.0000000000000000000, 0.0000000000000000000, -1.000000000000000000 ) ) ;
#46 = ORIENTED_EDGE ( 'NONE', *, *, #222, .F. ) ;
#47 = SURFACE_SIDE_STYLE ('',( #1304 ) ) ;
#48 = DIRECTION ( 'NONE',  ( 0.0000000000000000000, 1.000000000000000000, 0.0000000000000000000 ) ) ;
#49 =( NAMED_UNIT ( * ) PLANE_ANGLE_UNIT ( ) SI_UNIT ( $, .RADIAN. ) );
#50 = ORIENTED_EDGE ( 'NONE', *, *, #2506, .F. ) ;
#51 = FACE_OUTER_BOUND ( 'NONE', #1383, .T. ) ;
#52 = VECTOR ( 'NONE', #1146, 1000.000000000000000 ) ;
#53 = ORIENTED_EDGE ( 'NONE', *, *, #954, .F. ) ;
#54 = PRESENTATION_STYLE_ASSIGNMENT (( #1791 ) ) ;
#55 = VECTOR ( 'NONE', #34, 1000.000000000000000 ) ;
#56 = FILL_AREA_STYLE ('',( #1015 ) ) ;
#57 = ORIENTED_EDGE ( 'NONE', *, *, #1860, .F. ) ;
#58 = CARTESIAN_POINT ( 'NONE',  ( -1.328926451280479037, 0.7740025753532537856, 0.4408715579571787502 ) ) ;
#59 = DIRECTION ( 'NONE',  ( 0.0000000000000000000, 0.0000000000000000000, 1.000000000000000000 ) ) ;
#60 = PRESENTATION_STYLE_ASSIGNMENT (( #2407 ) ) ;
#61 = AXIS2_PLACEMENT_3D ( 'NONE', #673, #497, #1669 ) ;
#62 = UNCERTAINTY_MEASURE_WITH_UNIT (LENGTH_MEASURE( 1.000000000000000082E-05 ), #1569, 'distance_accuracy_value', 'NONE');
#63 = EDGE_CURVE ( 'NONE', #2469, #2378, #1274, .T. ) ;
#64 = VECTOR ( 'NONE', #669, 1000.000000000000000 ) ;
#65 = ORIENTED_EDGE ( 'NONE', *, *, #373, .T. ) ;
#66 = VECTOR ( 'NONE', #615, 1000.000000000000000 ) ;
#67 = CARTESIAN_POINT ( 'NONE',  ( -1.050000000000000044, -0.4500000000000001221, 0.2000000000000000111 ) ) ;
#68 = EDGE_CURVE ( 'NONE', #494, #1949, #2365, .T. ) ;
#69 = DIRECTION ( 'NONE',  ( -1.000000000000000000, 0.0000000000000000000, 0.0000000000000000000 ) ) ;
#70 = STYLED_ITEM ( 'NONE', ( #2052 ), #2051 ) ;
#71 = STYLED_ITEM ( 'NONE', ( #1277 ), #2275 ) ;
#72 = CARTESIAN_POINT ( 'NONE',  ( 1.350000000000000089, -0.4500000000000001221, 0.1900000000000000022 ) ) ;
#73 = SURFACE_STYLE_FILL_AREA ( #1840 ) ;
#74 = MECHANICAL_DESIGN_GEOMETRIC_PRESENTATION_REPRESENTATION (  '', ( #967 ), #1845 ) ;
#75 = ORIENTED_EDGE ( 'NONE', *, *, #1077, .T. ) ;
#76 =( NAMED_UNIT ( * ) PLANE_ANGLE_UNIT ( ) SI_UNIT ( $, .RADIAN. ) );
#77 = FACE_OUTER_BOUND ( 'NONE', #995, .T. ) ;
#78 = SURFACE_STYLE_FILL_AREA ( #1275 ) ;
#79 = VERTEX_POINT ( 'NONE', #881 ) ;
#80 = SPHERICAL_SURFACE ( 'NONE', #765, 0.02999999999999998501 ) ;
#81 = LINE ( 'NONE', #2027, #405 ) ;
#82 = ORIENTED_EDGE ( 'NONE', *, *, #1696, .F. ) ;
#83 = CARTESIAN_POINT ( 'NONE',  ( 1.060000000000000497, 0.4500000000000001221, 0.2000000000000000111 ) ) ;
#84 = EDGE_CURVE ( 'NONE', #792, #2043, #698, .T. ) ;
#85 = ADVANCED_FACE ( 'NONE', ( #464 ), #1248, .T. ) ;
#86 = DIRECTION ( 'NONE',  ( 0.0000000000000000000, 0.0000000000000000000, 1.000000000000000000 ) ) ;
#87 = ORIENTED_EDGE ( 'NONE', *, *, #1019, .F. ) ;
#88 = SURFACE_STYLE_USAGE ( .BOTH. , #2057 ) ;
#89 = EDGE_LOOP ( 'NONE', ( #668, #1892, #2110, #1411 ) ) ;
#90 = DIRECTION ( 'NONE',  ( 0.0000000000000000000, -0.0000000000000000000, 1.000000000000000000 ) ) ;
#91 = EDGE_LOOP ( 'NONE', ( #715, #1530, #2143, #2056 ) ) ;
#92 = LINE ( 'NONE', #1281, #1868 ) ;
#93 = VECTOR ( 'NONE', #757, 1000.000000000000227 ) ;
#94 = LINE ( 'NONE', #663, #535 ) ;
#95 = EDGE_CURVE ( 'NONE', #521, #1989, #1618, .T. ) ;
#96 = SURFACE_SIDE_STYLE ('',( #73 ) ) ;
#97 = VERTEX_POINT ( 'NONE', #1157 ) ;
#98 = EDGE_CURVE ( 'NONE', #1841, #1606, #1564, .T. ) ;
#99 = ADVANCED_FACE ( 'NONE', ( #125 ), #2297, .T. ) ;
#100 = DIRECTION ( 'NONE',  ( 0.0000000000000000000, 0.0000000000000000000, 1.000000000000000000 ) ) ;
#101 =( LENGTH_UNIT ( ) NAMED_UNIT ( * ) SI_UNIT ( .MILLI., .METRE. ) );
#102 = FILL_AREA_STYLE_COLOUR ( '', #1595 ) ;
#103 = FACE_OUTER_BOUND ( 'NONE', #1175, .T. ) ;
#104 = ORIENTED_EDGE ( 'NONE', *, *, #84, .F. ) ;
#105 = COLOUR_RGB ( '',0.9764705882352940902, 0.9764705882352940902, 0.9764705882352940902 ) ;
#106 = FACE_OUTER_BOUND ( 'NONE', #1240, .T. ) ;
#107 = CARTESIAN_POINT ( 'NONE',  ( 1.350000000000000089, -5.421010862427519705E-17, 0.2000000000000000111 ) ) ;
#108 = MECHANICAL_DESIGN_GEOMETRIC_PRESENTATION_REPRESENTATION (  '', ( #1712 ), #2384 ) ;
#109 =( GEOMETRIC_REPRESENTATION_CONTEXT ( 3 ) GLOBAL_UNCERTAINTY_ASSIGNED_CONTEXT ( ( #2280 ) ) GLOBAL_UNIT_ASSIGNED_CONTEXT ( ( #20, #1610, #2363 ) ) REPRESENTATION_CONTEXT ( 'NONE', 'WORKASPACE' ) );
#110 = COLOUR_RGB ( '',0.9764705882352940902, 0.9764705882352940902, 0.9764705882352940902 ) ;
#111 = ORIENTED_EDGE ( 'NONE', *, *, #1238, .T. ) ;
#112 = MECHANICAL_DESIGN_GEOMETRIC_PRESENTATION_REPRESENTATION (  '', ( #1957 ), #1563 ) ;
#113 = CARTESIAN_POINT ( 'NONE',  ( -1.790000000000000036, 0.4500000000000001221, 0.0000000000000000000 ) ) ;
#114 = ORIENTED_EDGE ( 'NONE', *, *, #475, .F. ) ;
#115 = ADVANCED_FACE ( 'NONE', ( #139 ), #952, .T. ) ;
#116 = EDGE_CURVE ( 'NONE', #2067, #1273, #132, .T. ) ;
#117 = CARTESIAN_POINT ( 'NONE',  ( -1.000002793905779841, 0.8249999999999999556, 0.9499999999999999556 ) ) ;
#118 =( NAMED_UNIT ( * ) SI_UNIT ( $, .STERADIAN. ) SOLID_ANGLE_UNIT ( ) );
#119 = ORIENTED_EDGE ( 'NONE', *, *, #63, .T. ) ;
#120 = UNCERTAINTY_MEASURE_WITH_UNIT (LENGTH_MEASURE( 1.000000000000000082E-05 ), #1324, 'distance_accuracy_value', 'NONE');
#121 = FILL_AREA_STYLE_COLOUR ( '', #1464 ) ;
#122 = LINE ( 'NONE', #2090, #487 ) ;
#123 = CARTESIAN_POINT ( 'NONE',  ( -1.050000000000000044, 0.4400000000000000022, 0.1900000000000000022 ) ) ;
#124 = ORIENTED_EDGE ( 'NONE', *, *, #2423, .F. ) ;
#125 = FACE_OUTER_BOUND ( 'NONE', #2222, .T. ) ;
#126 = CARTESIAN_POINT ( 'NONE',  ( 1.056421823261022519, 0.4428436465220442764, 0.006421823261022112893 ) ) ;
#127 = ADVANCED_FACE ( 'NONE', ( #1907 ), #1313, .T. ) ;
#128 = CYLINDRICAL_SURFACE ( 'NONE', #1334, 0.01000000000000002623 ) ;
#129 = ORIENTED_EDGE ( 'NONE', *, *, #987, .T. ) ;
#130 = DIRECTION ( 'NONE',  ( 0.0000000000000000000, 0.0000000000000000000, 1.000000000000000000 ) ) ;
#131 = EDGE_CURVE ( 'NONE', #1989, #540, #2310, .T. ) ;
#132 = CIRCLE ( 'NONE', #671, 0.03000000000000007869 ) ;
#133 = CARTESIAN_POINT ( 'NONE',  ( -1.350000000000000089, -0.8149999999999999467, 0.05000000000000011380 ) ) ;
#134 = CARTESIAN_POINT ( 'NONE',  ( -1.000002793905779841, -0.7318935671350339511, 0.9510000000000001785 ) ) ;
#135 = FACE_OUTER_BOUND ( 'NONE', #1804, .T. ) ;
#136 = EDGE_LOOP ( 'NONE', ( #1930, #980, #1538, #1041, #1278, #404, #723, #114, #53, #559, #2093, #1816, #958, #1213, #1329, #1286, #1917, #2182, #1287, #2283 ) ) ;
#137 = AXIS2_PLACEMENT_3D ( 'NONE', #417, #1368, #1199 ) ;
#138 = MECHANICAL_DESIGN_GEOMETRIC_PRESENTATION_REPRESENTATION (  '', ( #1086 ), #15 ) ;
#139 = FACE_OUTER_BOUND ( 'NONE', #1881, .T. ) ;
#140 = FACE_OUTER_BOUND ( 'NONE', #1800, .T. ) ;
#141 = CARTESIAN_POINT ( 'NONE',  ( -0.7999999999999972689, -0.7318935671350339511, 0.9510000000000001785 ) ) ;
#142 = DIRECTION ( 'NONE',  ( 0.0000000000000000000, 1.000000000000000000, -0.0000000000000000000 ) ) ;
#143 = VERTEX_POINT ( 'NONE', #1120 ) ;
#144 = SURFACE_STYLE_USAGE ( .BOTH. , #195 ) ;
#145 = PRESENTATION_LAYER_ASSIGNMENT (  '', '', ( #1387 ) ) ;
#146 = AXIS2_PLACEMENT_3D ( 'NONE', #2220, #611, #1400 ) ;
#147 = EDGE_CURVE ( 'NONE', #352, #1493, #2351, .T. ) ;
#148 = CARTESIAN_POINT ( 'NONE',  ( 1.320057025423998720, 0.8249999728495815976, 0.2000000011649166742 ) ) ;
#149 = DIRECTION ( 'NONE',  ( 0.0000000000000000000, 0.0000000000000000000, 1.000000000000000000 ) ) ;
#150 = DIRECTION ( 'NONE',  ( 0.0000000000000000000, 0.0000000000000000000, 1.000000000000000000 ) ) ;
#151 = STYLED_ITEM ( 'NONE', ( #1196 ), #1377 ) ;
#152 = CARTESIAN_POINT ( 'NONE',  ( 1.349999909737757742, 0.7950759979068633410, 0.2000008252009992382 ) ) ;
#153 = ORIENTED_EDGE ( 'NONE', *, *, #734, .T. ) ;
#154 = CIRCLE ( 'NONE', #1998, 0.01000000000000001235 ) ;
#155 = DIRECTION ( 'NONE',  ( 0.0000000000000000000, -1.000000000000000000, -0.0000000000000000000 ) ) ;
#156 = ORIENTED_EDGE ( 'NONE', *, *, #1480, .T. ) ;
#157 = LINE ( 'NONE', #2512, #2031 ) ;
#158 = CARTESIAN_POINT ( 'NONE',  ( -0.7999999999999972689, -0.7318935671350341732, 0.9510000000000001785 ) ) ;
#159 = CARTESIAN_POINT ( 'NONE',  ( -1.320057079367176422, 0.8249999728495822637, 0.2000000011649048504 ) ) ;
#160 = ADVANCED_FACE ( 'NONE', ( #327 ), #1720, .T. ) ;
#161 = ADVANCED_FACE ( 'NONE', ( #744 ), #554, .T. ) ;
#162 = FILL_AREA_STYLE ('',( #1925 ) ) ;
#163 = DIRECTION ( 'NONE',  ( -2.550986004388099147E-32, -1.000000000000000000, 3.855935168390079529E-16 ) ) ;
#164 = CARTESIAN_POINT ( 'NONE',  ( -0.7999999999999972689, -0.7318935671350339511, 0.9510000000000001785 ) ) ;
#165 = CARTESIAN_POINT ( 'NONE',  ( 1.320057079367181530, -0.8249999728495822637, 0.2000000011649049614 ) ) ;
#166 = SURFACE_STYLE_USAGE ( .BOTH. , #2485 ) ;
#167 = ORIENTED_EDGE ( 'NONE', *, *, #116, .T. ) ;
#168 = EDGE_LOOP ( 'NONE', ( #1102, #1706, #679 ) ) ;
#169 = CYLINDRICAL_SURFACE ( 'NONE', #2468, 0.03000000000000003011 ) ;
#170 = DIRECTION ( 'NONE',  ( 0.0000000000000000000, -1.000000000000000000, 0.0000000000000000000 ) ) ;
#171 = DIRECTION ( 'NONE',  ( 0.9961946980917454342, 0.0000000000000000000, -0.08715574274765894303 ) ) ;
#172 =( NAMED_UNIT ( * ) PLANE_ANGLE_UNIT ( ) SI_UNIT ( $, .RADIAN. ) );
#173 = CARTESIAN_POINT ( 'NONE',  ( 1.320000000000000062, -0.7950000000000000400, 0.06000000000000001166 ) ) ;
#174 = CARTESIAN_POINT ( 'NONE',  ( 1.349999999793764172, 0.7950570795124813905, 0.2000000023572853503 ) ) ;
#175 = EDGE_CURVE ( 'NONE', #1675, #1229, #376, .T. ) ;
#176 = EDGE_CURVE ( 'NONE', #2469, #1841, #1609, .T. ) ;
#177 = PRESENTATION_LAYER_ASSIGNMENT (  '', '', ( #1086 ) ) ;
#178 = DIRECTION ( 'NONE',  ( 1.000000000000000000, -0.0000000000000000000, 0.0000000000000000000 ) ) ;
#179 = SURFACE_SIDE_STYLE ('',( #2367 ) ) ;
#180 = VERTEX_POINT ( 'NONE', #617 ) ;
#181 = EDGE_LOOP ( 'NONE', ( #370, #1940, #503, #2492 ) ) ;
#182 = DIRECTION ( 'NONE',  ( 0.0000000000000000000, -0.0000000000000000000, -1.000000000000000000 ) ) ;
#183 = VECTOR ( 'NONE', #2522, 1000.000000000000000 ) ;
#184 = PRESENTATION_LAYER_ASSIGNMENT (  '', '', ( #273 ) ) ;
#185 = DIRECTION ( 'NONE',  ( 0.0000000000000000000, -0.08715574274765815199, 0.9961946980917455452 ) ) ;
#186 = CARTESIAN_POINT ( 'NONE',  ( 1.256893567135040080, 0.7318935671350339511, 0.9499999999999999556 ) ) ;
#187 = VECTOR ( 'NONE', #1391, 1000.000000000000000 ) ;
#188 = SURFACE_STYLE_FILL_AREA ( #582 ) ;
#189 = DIRECTION ( 'NONE',  ( -0.0000000000000000000, 1.000000000000000000, 0.0000000000000000000 ) ) ;
#190 = DIRECTION ( 'NONE',  ( 1.678666425585094384E-13, -0.07828509963529707572, 0.9969310122446244371 ) ) ;
#191 = VERTEX_POINT ( 'NONE', #1379 ) ;
#192 = EDGE_LOOP ( 'NONE', ( #498, #1115, #2014, #597, #2534, #204 ) ) ;
#193 =( GEOMETRIC_REPRESENTATION_CONTEXT ( 3 ) GLOBAL_UNCERTAINTY_ASSIGNED_CONTEXT ( ( #1037 ) ) GLOBAL_UNIT_ASSIGNED_CONTEXT ( ( #1680, #1512, #1912 ) ) REPRESENTATION_CONTEXT ( 'NONE', 'WORKASPACE' ) );
#194 = CARTESIAN_POINT ( 'NONE',  ( 1.793578176738977792, 0.4435781767389778696, 0.1928436465220441931 ) ) ;
#195 = SURFACE_SIDE_STYLE ('',( #1321 ) ) ;
#196 = LINE ( 'NONE', #1152, #1394 ) ;
#197 = LINE ( 'NONE', #2158, #2170 ) ;
#198 = CARTESIAN_POINT ( 'NONE',  ( -1.320000000000000062, -0.8149999999999999467, 0.06000000000000001166 ) ) ;
#199 = CARTESIAN_POINT ( 'NONE',  ( -1.800000000000000488, -0.4400000000000000022, 0.01000000000000000021 ) ) ;
#200 = PLANE ( 'NONE',  #2080 ) ;
#201 = DIRECTION ( 'NONE',  ( 0.0000000000000000000, -1.000000000000000000, 0.0000000000000000000 ) ) ;
#202 = DIRECTION ( 'NONE',  ( -3.855935168390055863E-16, 3.855935168390031705E-16, 1.000000000000000000 ) ) ;
#203 = ORIENTED_EDGE ( 'NONE', *, *, #1884, .T. ) ;
#204 = ORIENTED_EDGE ( 'NONE', *, *, #914, .T. ) ;
#205 = CARTESIAN_POINT ( 'NONE',  ( 1.256893567135036971, -0.7617794080777864352, 0.9226146722824324353 ) ) ;
#206 = SURFACE_STYLE_USAGE ( .BOTH. , #456 ) ;
#207 = EDGE_CURVE ( 'NONE', #813, #1688, #2178, .T. ) ;
#208 = SURFACE_STYLE_FILL_AREA ( #409 ) ;
#209 = ADVANCED_FACE ( 'NONE', ( #1586 ), #2403, .T. ) ;
#210 = LINE ( 'NONE', #636, #1516 ) ;
#211 = CARTESIAN_POINT ( 'NONE',  ( -1.050000000000000044, 0.4500000000000001221, 0.1900000000000000022 ) ) ;
#212 = ORIENTED_EDGE ( 'NONE', *, *, #1442, .T. ) ;
#213 = DIRECTION ( 'NONE',  ( 0.0000000000000000000, -1.000000000000000000, 0.0000000000000000000 ) ) ;
#214 = AXIS2_PLACEMENT_3D ( 'NONE', #2121, #2527, #1325 ) ;
#215 =( NAMED_UNIT ( * ) SI_UNIT ( $, .STERADIAN. ) SOLID_ANGLE_UNIT ( ) );
#216 = ORIENTED_EDGE ( 'NONE', *, *, #1054, .T. ) ;
#217 = VECTOR ( 'NONE', #978, 1000.000000000000000 ) ;
#218 = CARTESIAN_POINT ( 'NONE',  ( 1.277948071244148665, -0.7828529386268652246, 0.6817431159026289267 ) ) ;
#219 = FACE_OUTER_BOUND ( 'NONE', #1975, .T. ) ;
#220 = FACE_OUTER_BOUND ( 'NONE', #2258, .T. ) ;
#221 = CARTESIAN_POINT ( 'NONE',  ( 1.320000000000000062, -0.8149999999999999467, 0.05000000000000005135 ) ) ;
#222 = EDGE_CURVE ( 'NONE', #352, #825, #591, .T. ) ;
#223 = SURFACE_STYLE_USAGE ( .BOTH. , #1810 ) ;
#224 = COLOUR_RGB ( '',0.9764705882352940902, 0.9764705882352940902, 0.9764705882352940902 ) ;
#225 = PRESENTATION_LAYER_ASSIGNMENT (  '', '', ( #24 ) ) ;
#226 = ORIENTED_EDGE ( 'NONE', *, *, #340, .T. ) ;
#227 = MECHANICAL_DESIGN_GEOMETRIC_PRESENTATION_REPRESENTATION (  '', ( #273 ), #1742 ) ;
#228 = AXIS2_PLACEMENT_3D ( 'NONE', #956, #1163, #1528 ) ;
#229 = SURFACE_STYLE_USAGE ( .BOTH. , #47 ) ;
#230 = CARTESIAN_POINT ( 'NONE',  ( -1.256893567135030088, -5.421010862427519705E-17, 0.9499999999999999556 ) ) ;
#231 = SURFACE_STYLE_FILL_AREA ( #11 ) ;
#232 = EDGE_LOOP ( 'NONE', ( #783, #1542, #896 ) ) ;
#233 = VECTOR ( 'NONE', #893, 1000.000000000000000 ) ;
#234 = CARTESIAN_POINT ( 'NONE',  ( 1.350000000000000089, 0.7950000000000001510, 0.06000000000000001166 ) ) ;
#235 = AXIS2_PLACEMENT_3D ( 'NONE', #16, #1584, #238 ) ;
#236 = DIRECTION ( 'NONE',  ( -1.000000000000000000, 0.0000000000000000000, 0.0000000000000000000 ) ) ;
#237 = VECTOR ( 'NONE', #1021, 1000.000000000000000 ) ;
#238 = DIRECTION ( 'NONE',  ( 1.000000000000000000, -2.550986004388600002E-32, 3.855935168390055863E-16 ) ) ;
#239 = CARTESIAN_POINT ( 'NONE',  ( -1.337577659849205736, -0.8249666416896346277, 0.2007620661138280194 ) ) ;
#240 = EDGE_CURVE ( 'NONE', #97, #2184, #604, .T. ) ;
#241 = EDGE_CURVE ( 'NONE', #2184, #1554, #2376, .T. ) ;
#242 = DIRECTION ( 'NONE',  ( 0.0000000000000000000, -1.000000000000000000, 0.0000000000000000000 ) ) ;
#243 = VERTEX_POINT ( 'NONE', #1958 ) ;
#244 = DIRECTION ( 'NONE',  ( 1.000000000000000000, 0.0000000000000000000, 0.0000000000000000000 ) ) ;
#245 = ADVANCED_FACE ( 'NONE', ( #1982 ), #1173, .T. ) ;
#246 = ORIENTED_EDGE ( 'NONE', *, *, #36, .F. ) ;
#247 =( NAMED_UNIT ( * ) SI_UNIT ( $, .STERADIAN. ) SOLID_ANGLE_UNIT ( ) );
#248 = SURFACE_STYLE_FILL_AREA ( #439 ) ;
#249 = DIRECTION ( 'NONE',  ( 0.0000000000000000000, -1.000000000000000000, 0.0000000000000000000 ) ) ;
#250 = ORIENTED_EDGE ( 'NONE', *, *, #1719, .F. ) ;
#251 = CARTESIAN_POINT ( 'NONE',  ( -1.340000000000000080, 0.7950000000000001510, 0.06000000000000001166 ) ) ;
#252 = PRESENTATION_STYLE_ASSIGNMENT (( #828 ) ) ;
#253 = SURFACE_STYLE_USAGE ( .BOTH. , #96 ) ;
#254 = ORIENTED_EDGE ( 'NONE', *, *, #1330, .F. ) ;
#255 = EDGE_CURVE ( 'NONE', #1827, #1227, #1545, .T. ) ;
#256 =( NAMED_UNIT ( * ) SI_UNIT ( $, .STERADIAN. ) SOLID_ANGLE_UNIT ( ) );
#257 = CARTESIAN_POINT ( 'NONE',  ( -1.060000000000000497, 0.4500000000000000666, 0.2000000000000000111 ) ) ;
#258 = ORIENTED_EDGE ( 'NONE', *, *, #822, .T. ) ;
#259 = FILL_AREA_STYLE ('',( #590 ) ) ;
#260 = VECTOR ( 'NONE', #100, 1000.000000000000000 ) ;
#261 = ORIENTED_EDGE ( 'NONE', *, *, #973, .F. ) ;
#262 = CARTESIAN_POINT ( 'NONE',  ( -1.350000000000000089, -5.421010862427519705E-17, 0.2000000000000000111 ) ) ;
#263 = CARTESIAN_POINT ( 'NONE',  ( 1.050000000000000044, 0.4400000000000000022, 0.0000000000000000000 ) ) ;
#264 = COLOUR_RGB ( '',0.9764705882352940902, 0.9764705882352940902, 0.9764705882352940902 ) ;
#265 = FILL_AREA_STYLE_COLOUR ( '', #1289 ) ;
#266 = ORIENTED_EDGE ( 'NONE', *, *, #1193, .F. ) ;
#267 = DIRECTION ( 'NONE',  ( 0.0000000000000000000, 0.0000000000000000000, -1.000000000000000000 ) ) ;
#268 = EDGE_LOOP ( 'NONE', ( #1821, #2464, #453, #714 ) ) ;
#269 = AXIS2_PLACEMENT_3D ( 'NONE', #972, #1626, #1581 ) ;
#270 = EDGE_LOOP ( 'NONE', ( #1633, #2316, #870, #1200 ) ) ;
#271 = DIRECTION ( 'NONE',  ( 0.0000000000000000000, -0.0000000000000000000, 1.000000000000000000 ) ) ;
#272 = LINE ( 'NONE', #117, #1599 ) ;
#273 = STYLED_ITEM ( 'NONE', ( #1067 ), #1402 ) ;
#274 = PRESENTATION_LAYER_ASSIGNMENT (  '', '', ( #1138 ) ) ;
#275 = EDGE_CURVE ( 'NONE', #450, #1382, #579, .T. ) ;
#276 = VERTEX_POINT ( 'NONE', #1016 ) ;
#277 = STYLED_ITEM ( 'NONE', ( #576 ), #1763 ) ;
#278 = PRESENTATION_LAYER_ASSIGNMENT (  '', '', ( #1839 ) ) ;
#279 = CARTESIAN_POINT ( 'NONE',  ( 3.469446951953609850E-15, -0.8249999999999999556, 0.2000000000000000111 ) ) ;
#280 = CARTESIAN_POINT ( 'NONE',  ( 1.793734491145229981, -0.4431327544273853114, 0.1931327544273852559 ) ) ;
#281 = STYLED_ITEM ( 'NONE', ( #1772 ), #2160 ) ;
#282 = FACE_OUTER_BOUND ( 'NONE', #1971, .T. ) ;
#283 = CARTESIAN_POINT ( 'NONE',  ( -1.790000000000000036, 0.4500000000000001221, 0.2000000000000000111 ) ) ;
#284 = COLOUR_RGB ( '',0.9764705882352940902, 0.9764705882352940902, 0.9764705882352940902 ) ;
#285 = ORIENTED_EDGE ( 'NONE', *, *, #763, .F. ) ;
#286 = DIRECTION ( 'NONE',  ( 1.000000000000000000, 0.0000000000000000000, 0.0000000000000000000 ) ) ;
#287 = EDGE_LOOP ( 'NONE', ( #1689, #2152, #1846, #212 ) ) ;
#288 = ORIENTED_EDGE ( 'NONE', *, *, #2313, .T. ) ;
#289 = CARTESIAN_POINT ( 'NONE',  ( -1.256893567135030088, 0.7618014975023726931, 0.9223485529890589341 ) ) ;
#290 = DIRECTION ( 'NONE',  ( 0.0000000000000000000, -1.000000000000000000, 0.0000000000000000000 ) ) ;
#291 = LINE ( 'NONE', #689, #2371 ) ;
#292 = ORIENTED_EDGE ( 'NONE', *, *, #564, .T. ) ;
#293 = DIRECTION ( 'NONE',  ( -1.000000000000000000, -0.0000000000000000000, 0.0000000000000000000 ) ) ;
#294 = PLANE ( 'NONE',  #362 ) ;
#295 = ADVANCED_FACE ( 'NONE', ( #1622 ), #411, .T. ) ;
#296 =( NAMED_UNIT ( * ) SI_UNIT ( $, .STERADIAN. ) SOLID_ANGLE_UNIT ( ) );
#297 = CARTESIAN_POINT ( 'NONE',  ( -1.349999972712085050, 0.7950570616274378333, 0.2000000027365762822 ) ) ;
#298 = EDGE_LOOP ( 'NONE', ( #2415, #339, #2393 ) ) ;
#299 =( BOUNDED_CURVE ( )  B_SPLINE_CURVE ( 3, ( #148, #2116, #1762, #947 ),
 .UNSPECIFIED., .F., .F. ) 
 B_SPLINE_CURVE_WITH_KNOTS ( ( 4, 4 ),
 ( 2.358095338798780194, 3.923192718714011207 ),
 .UNSPECIFIED. ) 
 CURVE ( )  GEOMETRIC_REPRESENTATION_ITEM ( )  RATIONAL_B_SPLINE_CURVE ( ( 1.000000000000000000, 0.8060791931850723735, 0.8060791931850723735, 1.000000000000000000 ) ) 
 REPRESENTATION_ITEM ( '' )  );
#300 = DIRECTION ( 'NONE',  ( 0.0000000000000000000, 0.0000000000000000000, 1.000000000000000000 ) ) ;
#301 = PRESENTATION_STYLE_ASSIGNMENT (( #88 ) ) ;
#302 = CARTESIAN_POINT ( 'NONE',  ( 1.800000000000000488, -0.4500000000000001221, 0.1900000000000000022 ) ) ;
#303 = CYLINDRICAL_SURFACE ( 'NONE', #2248, 0.01000000000000002623 ) ;
#304 = ORIENTED_EDGE ( 'NONE', *, *, #1921, .F. ) ;
#305 = DIRECTION ( 'NONE',  ( -1.000000000000000000, 0.0000000000000000000, 0.0000000000000000000 ) ) ;
#306 = DIRECTION ( 'NONE',  ( 1.000000000000000000, -5.421010862427507971E-15, 0.0000000000000000000 ) ) ;
#307 = STYLED_ITEM ( 'NONE', ( #1738 ), #115 ) ;
#308 = DIRECTION ( 'NONE',  ( 1.000000000000000000, 0.0000000000000000000, -0.0000000000000000000 ) ) ;
#309 = ADVANCED_FACE ( 'NONE', ( #789 ), #1407, .T. ) ;
#310 = ADVANCED_FACE ( 'NONE', ( #1673 ), #1272, .T. ) ;
#311 = PRESENTATION_LAYER_ASSIGNMENT (  '', '', ( #1826 ) ) ;
#312 = EDGE_LOOP ( 'NONE', ( #1515, #1500, #683 ) ) ;
#313 = CARTESIAN_POINT ( 'NONE',  ( 1.340000000000000080, -0.8249999999999999556, 0.06000000000000001166 ) ) ;
#314 = FACE_OUTER_BOUND ( 'NONE', #298, .T. ) ;
#315 = DIRECTION ( 'NONE',  ( 0.0000000000000000000, 0.0000000000000000000, -1.000000000000000000 ) ) ;
#316 = FILL_AREA_STYLE_COLOUR ( '', #478 ) ;
#317 = ORIENTED_EDGE ( 'NONE', *, *, #973, .T. ) ;
#318 = ORIENTED_EDGE ( 'NONE', *, *, #932, .F. ) ;
#319 =( GEOMETRIC_REPRESENTATION_CONTEXT ( 3 ) GLOBAL_UNCERTAINTY_ASSIGNED_CONTEXT ( ( #1885 ) ) GLOBAL_UNIT_ASSIGNED_CONTEXT ( ( #2483, #2058, #1276 ) ) REPRESENTATION_CONTEXT ( 'NONE', 'WORKASPACE' ) );
#320 = CARTESIAN_POINT ( 'NONE',  ( -1.050000000000000044, 0.4400000000000000022, 0.01000000000000000021 ) ) ;
#321 = DIRECTION ( 'NONE',  ( 0.0000000000000000000, 1.000000000000000000, 0.0000000000000000000 ) ) ;
#322 = VECTOR ( 'NONE', #1923, 1000.000000000000000 ) ;
#323 = CIRCLE ( 'NONE', #1748, 0.03000000000000003011 ) ;
#324 =( NAMED_UNIT ( * ) PLANE_ANGLE_UNIT ( ) SI_UNIT ( $, .RADIAN. ) );
#325 = SURFACE_STYLE_FILL_AREA ( #2078 ) ;
#326 = EDGE_LOOP ( 'NONE', ( #1445, #1119, #1522, #2, #1714, #2327 ) ) ;
#327 = FACE_OUTER_BOUND ( 'NONE', #326, .T. ) ;
#328 = CARTESIAN_POINT ( 'NONE',  ( -1.000002793905779841, 0.7318935671350339511, 0.9499999999999999556 ) ) ;
#329 = UNCERTAINTY_MEASURE_WITH_UNIT (LENGTH_MEASURE( 1.000000000000000082E-05 ), #423, 'distance_accuracy_value', 'NONE');
#330 =( NAMED_UNIT ( * ) PLANE_ANGLE_UNIT ( ) SI_UNIT ( $, .RADIAN. ) );
#331 = ORIENTED_EDGE ( 'NONE', *, *, #1497, .F. ) ;
#332 =( NAMED_UNIT ( * ) SI_UNIT ( $, .STERADIAN. ) SOLID_ANGLE_UNIT ( ) );
#333 = CARTESIAN_POINT ( 'NONE',  ( -1.286779408077783904, -0.7318935671350339511, 0.9226146722824299928 ) ) ;
#334 = FACE_OUTER_BOUND ( 'NONE', #585, .T. ) ;
#335 = ORIENTED_EDGE ( 'NONE', *, *, #2312, .F. ) ;
#336 = LINE ( 'NONE', #1709, #921 ) ;
#337 = CARTESIAN_POINT ( 'NONE',  ( -1.350000000000000089, 0.7950000000000001510, 0.05999999999999999778 ) ) ;
#338 = ADVANCED_FACE ( 'NONE', ( #1256 ), #2039, .T. ) ;
#339 = ORIENTED_EDGE ( 'NONE', *, *, #1206, .T. ) ;
#340 = EDGE_CURVE ( 'NONE', #2221, #2230, #2428, .T. ) ;
#341 = ORIENTED_EDGE ( 'NONE', *, *, #2195, .T. ) ;
#342 = CARTESIAN_POINT ( 'NONE',  ( -1.320000000000000062, 0.8149999999999997247, 0.05999999999999982431 ) ) ;
#343 = CARTESIAN_POINT ( 'NONE',  ( 1.320000000000000062, -0.7950000000000000400, 0.04999999999999999584 ) ) ;
#344 =( LENGTH_UNIT ( ) NAMED_UNIT ( * ) SI_UNIT ( .MILLI., .METRE. ) );
#345 = AXIS2_PLACEMENT_3D ( 'NONE', #724, #2493, #2321 ) ;
#346 = DIRECTION ( 'NONE',  ( 0.0000000000000000000, 0.0000000000000000000, -1.000000000000000000 ) ) ;
#347 = CARTESIAN_POINT ( 'NONE',  ( 1.350000000000000089, -5.421010862427519705E-17, 0.2000000000000000111 ) ) ;
#348 = LINE ( 'NONE', #1936, #2035 ) ;
#349 = B_SPLINE_CURVE_WITH_KNOTS ( 'NONE', 3,
 ( #741, #384, #1942, #1546 ),
 .UNSPECIFIED., .F., .F.,
 ( 4, 4 ),
 ( 0.0000000000000000000, 1.000000000000000000 ),
 .UNSPECIFIED. ) ;
#350 = CARTESIAN_POINT ( 'NONE',  ( -1.340000000000000080, 0.4500000000000001776, 0.06000000000000001166 ) ) ;
#351 = PRESENTATION_STYLE_ASSIGNMENT (( #166 ) ) ;
#352 = VERTEX_POINT ( 'NONE', #297 ) ;
#353 = ORIENTED_EDGE ( 'NONE', *, *, #2530, .T. ) ;
#354 = UNCERTAINTY_MEASURE_WITH_UNIT (LENGTH_MEASURE( 1.000000000000000082E-05 ), #2200, 'distance_accuracy_value', 'NONE');
#355 = EDGE_CURVE ( 'NONE', #494, #638, #858, .T. ) ;
#356 =( NAMED_UNIT ( * ) SI_UNIT ( $, .STERADIAN. ) SOLID_ANGLE_UNIT ( ) );
#357 = MECHANICAL_DESIGN_GEOMETRIC_PRESENTATION_REPRESENTATION (  '', ( #1707 ), #843 ) ;
#358 = COLOUR_RGB ( '',0.9764705882352940902, 0.9764705882352940902, 0.9764705882352940902 ) ;
#359 =( GEOMETRIC_REPRESENTATION_CONTEXT ( 3 ) GLOBAL_UNCERTAINTY_ASSIGNED_CONTEXT ( ( #2521 ) ) GLOBAL_UNIT_ASSIGNED_CONTEXT ( ( #595, #812, #1022 ) ) REPRESENTATION_CONTEXT ( 'NONE', 'WORKASPACE' ) );
#360 = CARTESIAN_POINT ( 'NONE',  ( 1.340000000000000080, -0.8249999999999999556, 0.05000000000000011380 ) ) ;
#361 =( LENGTH_UNIT ( ) NAMED_UNIT ( * ) SI_UNIT ( .MILLI., .METRE. ) );
#362 = AXIS2_PLACEMENT_3D ( 'NONE', #903, #2265, #511 ) ;
#363 = CIRCLE ( 'NONE', #768, 0.009999999999999998473 ) ;
#364 = DIRECTION ( 'NONE',  ( 0.0000000000000000000, 0.0000000000000000000, 1.000000000000000000 ) ) ;
#365 = CARTESIAN_POINT ( 'NONE',  ( 1.340000000000000080, -0.8249999999999999556, 0.06000000000000001166 ) ) ;
#366 =( LENGTH_UNIT ( ) NAMED_UNIT ( * ) SI_UNIT ( .MILLI., .METRE. ) );
#367 = LINE ( 'NONE', #1539, #2470 ) ;
#368 = ORIENTED_EDGE ( 'NONE', *, *, #1924, .F. ) ;
#369 = VECTOR ( 'NONE', #1507, 1000.000000000000000 ) ;
#370 = ORIENTED_EDGE ( 'NONE', *, *, #717, .F. ) ;
#371 = FACE_OUTER_BOUND ( 'NONE', #1135, .T. ) ;
#372 = CARTESIAN_POINT ( 'NONE',  ( 1.790000000000000036, -0.4500000000000001221, 0.2000000000000000111 ) ) ;
#373 = EDGE_CURVE ( 'NONE', #1554, #2205, #2237, .T. ) ;
#374 = DIRECTION ( 'NONE',  ( -0.08682659386424761150, 0.08682659386424761150, -0.9924325091389670783 ) ) ;
#375 = LINE ( 'NONE', #2480, #2452 ) ;
#376 = LINE ( 'NONE', #2083, #1081 ) ;
#377 = FACE_OUTER_BOUND ( 'NONE', #644, .T. ) ;
#378 = B_SPLINE_CURVE_WITH_KNOTS ( 'NONE', 3,
 ( #205, #218, #614, #2385 ),
 .UNSPECIFIED., .F., .F.,
 ( 4, 4 ),
 ( 0.0000000000000000000, 1.000000000000000000 ),
 .UNSPECIFIED. ) ;
#379 = LINE ( 'NONE', #936, #2300 ) ;
#380 = LINE ( 'NONE', #558, #2501 ) ;
#381 = EDGE_LOOP ( 'NONE', ( #2374, #1878, #1665, #782 ) ) ;
#382 = ORIENTED_EDGE ( 'NONE', *, *, #1644, .F. ) ;
#383 = DIRECTION ( 'NONE',  ( -1.000000000000000000, -0.0000000000000000000, 0.0000000000000000000 ) ) ;
#384 = CARTESIAN_POINT ( 'NONE',  ( 1.349999981899612456, 0.7950380529968408272, 0.1533333333333334325 ) ) ;
#385 = CARTESIAN_POINT ( 'NONE',  ( -1.050000000000000044, 0.4500000000000001221, 0.2000000000000000111 ) ) ;
#386 =( NAMED_UNIT ( * ) SI_UNIT ( $, .STERADIAN. ) SOLID_ANGLE_UNIT ( ) );
#387 = ADVANCED_FACE ( 'NONE', ( #2451 ), #678, .T. ) ;
#388 = ADVANCED_FACE ( 'NONE', ( #135 ), #2329, .T. ) ;
#389 = PRESENTATION_LAYER_ASSIGNMENT (  '', '', ( #307 ) ) ;
#390 = VECTOR ( 'NONE', #2161, 1000.000000000000000 ) ;
#391 = FACE_OUTER_BOUND ( 'NONE', #833, .T. ) ;
#392 = PLANE ( 'NONE',  #1789 ) ;
#393 = ORIENTED_EDGE ( 'NONE', *, *, #2049, .F. ) ;
#394 = PRESENTATION_LAYER_ASSIGNMENT (  '', '', ( #1416 ) ) ;
#395 = ORIENTED_EDGE ( 'NONE', *, *, #207, .T. ) ;
#396 = SURFACE_STYLE_FILL_AREA ( #2550 ) ;
#397 = CARTESIAN_POINT ( 'NONE',  ( 1.350000000000000089, 0.4400000000000000022, 0.2000000000000000111 ) ) ;
#398 = PLANE ( 'NONE',  #722 ) ;
#399 = CARTESIAN_POINT ( 'NONE',  ( 1.256893567135040080, 0.8249999999999999556, 0.9499999999999999556 ) ) ;
#400 = CARTESIAN_POINT ( 'NONE',  ( -1.350000000000000089, -0.7950000000000000400, 0.06000000000000001166 ) ) ;
#401 = STYLED_ITEM ( 'NONE', ( #2162 ), #837 ) ;
#402 = STYLED_ITEM ( 'NONE', ( #1532 ), #2115 ) ;
#403 = ORIENTED_EDGE ( 'NONE', *, *, #2398, .F. ) ;
#404 = ORIENTED_EDGE ( 'NONE', *, *, #1951, .F. ) ;
#405 = VECTOR ( 'NONE', #2270, 1000.000000000000000 ) ;
#406 = SURFACE_SIDE_STYLE ('',( #1619 ) ) ;
#407 = DIRECTION ( 'NONE',  ( 0.0000000000000000000, 0.0000000000000000000, 1.000000000000000000 ) ) ;
#408 = CIRCLE ( 'NONE', #491, 0.009999999999999998473 ) ;
#409 = FILL_AREA_STYLE ('',( #2372 ) ) ;
#410 = DIRECTION ( 'NONE',  ( 1.000000000000000000, 0.0000000000000000000, 0.0000000000000000000 ) ) ;
#411 = CYLINDRICAL_SURFACE ( 'NONE', #137, 0.02999999999999997113 ) ;
#412 = DIRECTION ( 'NONE',  ( 1.000000000000000000, 0.0000000000000000000, -0.0000000000000000000 ) ) ;
#413 = DIRECTION ( 'NONE',  ( 0.0000000000000000000, -1.000000000000000000, -0.0000000000000000000 ) ) ;
#414 = EDGE_LOOP ( 'NONE', ( #807, #2355, #335, #957 ) ) ;
#415 = ORIENTED_EDGE ( 'NONE', *, *, #734, .F. ) ;
#416 = SURFACE_SIDE_STYLE ('',( #248 ) ) ;
#417 = CARTESIAN_POINT ( 'NONE',  ( 3.550762114890030177E-15, 0.7318935671350339511, 0.9200000000000000400 ) ) ;
#418 = DIRECTION ( 'NONE',  ( -0.08682659386424761150, -0.08682659386424761150, 0.9924325091389670783 ) ) ;
#419 = EDGE_LOOP ( 'NONE', ( #1785, #353, #1929 ) ) ;
#420 = DIRECTION ( 'NONE',  ( -0.0000000000000000000, -0.0000000000000000000, -1.000000000000000000 ) ) ;
#421 = ORIENTED_EDGE ( 'NONE', *, *, #1798, .F. ) ;
#422 = MECHANICAL_DESIGN_GEOMETRIC_PRESENTATION_REPRESENTATION (  '', ( #2324 ), #594 ) ;
#423 =( LENGTH_UNIT ( ) NAMED_UNIT ( * ) SI_UNIT ( .MILLI., .METRE. ) );
#424 =( LENGTH_UNIT ( ) NAMED_UNIT ( * ) SI_UNIT ( .MILLI., .METRE. ) );
#425 = PRESENTATION_LAYER_ASSIGNMENT (  '', '', ( #2413 ) ) ;
#426 = DIRECTION ( 'NONE',  ( -0.0000000000000000000, 0.0000000000000000000, -1.000000000000000000 ) ) ;
#427 = DIRECTION ( 'NONE',  ( -0.0000000000000000000, 1.000000000000000000, -0.0000000000000000000 ) ) ;
#428 =( NAMED_UNIT ( * ) PLANE_ANGLE_UNIT ( ) SI_UNIT ( $, .RADIAN. ) );
#429 = MECHANICAL_DESIGN_GEOMETRIC_PRESENTATION_REPRESENTATION (  '', ( #922 ), #1988 ) ;
#430 = ORIENTED_EDGE ( 'NONE', *, *, #763, .T. ) ;
#431 =( GEOMETRIC_REPRESENTATION_CONTEXT ( 3 ) GLOBAL_UNCERTAINTY_ASSIGNED_CONTEXT ( ( #2496 ) ) GLOBAL_UNIT_ASSIGNED_CONTEXT ( ( #366, #330, #748 ) ) REPRESENTATION_CONTEXT ( 'NONE', 'WORKASPACE' ) );
#432 = DIRECTION ( 'NONE',  ( 0.0000000000000000000, 0.0000000000000000000, 1.000000000000000000 ) ) ;
#433 =( LENGTH_UNIT ( ) NAMED_UNIT ( * ) SI_UNIT ( .MILLI., .METRE. ) );
#434 = AXIS2_PLACEMENT_3D ( 'NONE', #975, #949, #149 ) ;
#435 = COLOUR_RGB ( '',0.9764705882352940902, 0.9764705882352940902, 0.9764705882352940902 ) ;
#436 = ORIENTED_EDGE ( 'NONE', *, *, #2360, .F. ) ;
#437 = AXIS2_PLACEMENT_3D ( 'NONE', #1117, #2490, #130 ) ;
#438 = FILL_AREA_STYLE ('',( #1786 ) ) ;
#439 = FILL_AREA_STYLE ('',( #998 ) ) ;
#440 = DIRECTION ( 'NONE',  ( -0.0000000000000000000, -0.0000000000000000000, -1.000000000000000000 ) ) ;
#441 = MECHANICAL_DESIGN_GEOMETRIC_PRESENTATION_REPRESENTATION (  '', ( #281 ), #1397 ) ;
#442 = ORIENTED_EDGE ( 'NONE', *, *, #667, .T. ) ;
#443 = CARTESIAN_POINT ( 'NONE',  ( -1.050000000000000044, 0.4400000000000000022, 0.0000000000000000000 ) ) ;
#444 = CARTESIAN_POINT ( 'NONE',  ( -1.350000000000000089, 0.8249999999999999556, 0.06000000000000000472 ) ) ;
#445 =( GEOMETRIC_REPRESENTATION_CONTEXT ( 3 ) GLOBAL_UNCERTAINTY_ASSIGNED_CONTEXT ( ( #581 ) ) GLOBAL_UNIT_ASSIGNED_CONTEXT ( ( #361, #172, #2148 ) ) REPRESENTATION_CONTEXT ( 'NONE', 'WORKASPACE' ) );
#446 = EDGE_CURVE ( 'NONE', #2072, #1675, #375, .T. ) ;
#447 = PRESENTATION_STYLE_ASSIGNMENT (( #253 ) ) ;
#448 = ADVANCED_FACE ( 'NONE', ( #1697 ), #1295, .T. ) ;
#449 = ADVANCED_FACE ( 'NONE', ( #1499 ), #733, .T. ) ;
#450 = VERTEX_POINT ( 'NONE', #1627 ) ;
#451 = FACE_OUTER_BOUND ( 'NONE', #2342, .T. ) ;
#452 = CARTESIAN_POINT ( 'NONE',  ( 1.320000000000000062, -0.8250000000000000666, 0.06000000000000001166 ) ) ;
#453 = ORIENTED_EDGE ( 'NONE', *, *, #836, .T. ) ;
#454 = UNCERTAINTY_MEASURE_WITH_UNIT (LENGTH_MEASURE( 1.000000000000000082E-05 ), #2175, 'distance_accuracy_value', 'NONE');
#455 =( NAMED_UNIT ( * ) PLANE_ANGLE_UNIT ( ) SI_UNIT ( $, .RADIAN. ) );
#456 = SURFACE_SIDE_STYLE ('',( #598 ) ) ;
#457 = DIRECTION ( 'NONE',  ( 1.000000000000000000, 0.0000000000000000000, 0.0000000000000000000 ) ) ;
#458 = ORIENTED_EDGE ( 'NONE', *, *, #2063, .F. ) ;
#459 = CARTESIAN_POINT ( 'NONE',  ( 1.350000000000000089, 0.4500000000000001221, 0.2000000000000000111 ) ) ;
#460 = CARTESIAN_POINT ( 'NONE',  ( 1.793734491145229537, -0.4431327544273852559, 0.006867245572614732660 ) ) ;
#461 = AXIS2_PLACEMENT_3D ( 'NONE', #1079, #2256, #492 ) ;
#462 =( NAMED_UNIT ( * ) SI_UNIT ( $, .STERADIAN. ) SOLID_ANGLE_UNIT ( ) );
#463 = ORIENTED_EDGE ( 'NONE', *, *, #1719, .T. ) ;
#464 = FACE_OUTER_BOUND ( 'NONE', #1964, .T. ) ;
#465 = CARTESIAN_POINT ( 'NONE',  ( -1.350000000000000089, -0.4500000000000001221, 0.05000000000000011380 ) ) ;
#466 = ORIENTED_EDGE ( 'NONE', *, *, #2455, .T. ) ;
#467 = CARTESIAN_POINT ( 'NONE',  ( 1.350000000000000089, 0.8249999999999999556, 0.05000000000000011380 ) ) ;
#468 = AXIS2_PLACEMENT_3D ( 'NONE', #198, #8, #777 ) ;
#469 = FILL_AREA_STYLE ('',( #121 ) ) ;
#470 = AXIS2_PLACEMENT_3D ( 'NONE', #1640, #440, #1449 ) ;
#471 = LINE ( 'NONE', #1775, #2508 ) ;
#472 = ORIENTED_EDGE ( 'NONE', *, *, #2551, .T. ) ;
#473 = FACE_OUTER_BOUND ( 'NONE', #1178, .T. ) ;
#474 = ORIENTED_EDGE ( 'NONE', *, *, #1158, .F. ) ;
#475 = EDGE_CURVE ( 'NONE', #2378, #1420, #838, .T. ) ;
#476 = STYLED_ITEM ( 'NONE', ( #2150 ), #1524 ) ;
#477 = ORIENTED_EDGE ( 'NONE', *, *, #2442, .T. ) ;
#478 = COLOUR_RGB ( '',0.9764705882352940902, 0.9764705882352940902, 0.9764705882352940902 ) ;
#479 = CARTESIAN_POINT ( 'NONE',  ( 1.050000000000000044, 0.4500000000000001221, 0.2000000000000000111 ) ) ;
#480 = CARTESIAN_POINT ( 'NONE',  ( -1.350000000000000089, 0.4400000000000000022, 0.1900000000000000022 ) ) ;
#481 = AXIS2_PLACEMENT_3D ( 'NONE', #141, #1926, #1316 ) ;
#482 = PRESENTATION_LAYER_ASSIGNMENT (  '', '', ( #1347 ) ) ;
#483 = ADVANCED_FACE ( 'NONE', ( #2159 ), #2011, .T. ) ;
#484 = PRESENTATION_LAYER_ASSIGNMENT (  '', '', ( #1712 ) ) ;
#485 = CYLINDRICAL_SURFACE ( 'NONE', #2075, 0.009999999999999998473 ) ;
#486 = SURFACE_STYLE_FILL_AREA ( #1484 ) ;
#487 = VECTOR ( 'NONE', #1671, 1000.000000000000000 ) ;
#488 = CIRCLE ( 'NONE', #569, 0.009999999999999998473 ) ;
#489 = SURFACE_SIDE_STYLE ('',( #2289 ) ) ;
#490 = DIRECTION ( 'NONE',  ( 1.000000000000000000, 0.0000000000000000000, 0.0000000000000000000 ) ) ;
#491 = AXIS2_PLACEMENT_3D ( 'NONE', #640, #1192, #1986 ) ;
#492 = DIRECTION ( 'NONE',  ( 0.0000000000000000000, 1.000000000000000000, -4.517509052022906874E-16 ) ) ;
#493 = CARTESIAN_POINT ( 'NONE',  ( 1.349999999896882352, -0.4400000000000000577, 0.2000000011786426668 ) ) ;
#494 = VERTEX_POINT ( 'NONE', #2421 ) ;
#495 = DIRECTION ( 'NONE',  ( 0.0000000000000000000, 0.0000000000000000000, 1.000000000000000000 ) ) ;
#496 = SPHERICAL_SURFACE ( 'NONE', #853, 0.02999999999999974562 ) ;
#497 = DIRECTION ( 'NONE',  ( 0.0000000000000000000, 0.0000000000000000000, -1.000000000000000000 ) ) ;
#498 = ORIENTED_EDGE ( 'NONE', *, *, #1367, .T. ) ;
#499 = ADVANCED_FACE ( 'NONE', ( #1437 ), #398, .F. ) ;
#500 = CARTESIAN_POINT ( 'NONE',  ( -1.060000000000000497, -0.4500000000000001221, 0.0000000000000000000 ) ) ;
#501 = EDGE_CURVE ( 'NONE', #243, #2179, #1681, .T. ) ;
#502 = DIRECTION ( 'NONE',  ( 1.000000000000000000, 0.0000000000000000000, 0.0000000000000000000 ) ) ;
#503 = ORIENTED_EDGE ( 'NONE', *, *, #1127, .F. ) ;
#504 = CARTESIAN_POINT ( 'NONE',  ( -1.319999999999999618, 0.7950000000000000400, 0.06000000000000001860 ) ) ;
#505 = AXIS2_PLACEMENT_3D ( 'NONE', #313, #1862, #300 ) ;
#506 = UNCERTAINTY_MEASURE_WITH_UNIT (LENGTH_MEASURE( 1.000000000000000082E-05 ), #1014, 'distance_accuracy_value', 'NONE');
#507 = SURFACE_SIDE_STYLE ('',( #885 ) ) ;
#508 = SURFACE_STYLE_FILL_AREA ( #539 ) ;
#509 = ORIENTED_EDGE ( 'NONE', *, *, #959, .T. ) ;
#510 = PRESENTATION_STYLE_ASSIGNMENT (( #2234 ) ) ;
#511 = DIRECTION ( 'NONE',  ( 0.0000000000000000000, 0.0000000000000000000, -1.000000000000000000 ) ) ;
#512 = EDGE_CURVE ( 'NONE', #813, #1959, #1703, .T. ) ;
#513 = FILL_AREA_STYLE_COLOUR ( '', #1250 ) ;
#514 = ADVANCED_FACE ( 'NONE', ( #519 ), #128, .T. ) ;
#515 = ORIENTED_EDGE ( 'NONE', *, *, #533, .T. ) ;
#516 = PLANE ( 'NONE',  #709 ) ;
#517 = FACE_OUTER_BOUND ( 'NONE', #1236, .T. ) ;
#518 = CARTESIAN_POINT ( 'NONE',  ( 1.256893567135040524, -0.7318935671350337291, 0.9199999999999999289 ) ) ;
#519 = FACE_OUTER_BOUND ( 'NONE', #1150, .T. ) ;
#520 = VECTOR ( 'NONE', #674, 1000.000000000000000 ) ;
#521 = VERTEX_POINT ( 'NONE', #1654 ) ;
#522 = ORIENTED_EDGE ( 'NONE', *, *, #1860, .T. ) ;
#523 = COLOUR_RGB ( '',0.9764705882352940902, 0.9764705882352940902, 0.9764705882352940902 ) ;
#524 = TOROIDAL_SURFACE ( 'NONE', #846, 0.02000000000000005246, 0.01000000000000020317 ) ;
#525 = CARTESIAN_POINT ( 'NONE',  ( -0.7999999999999967137, 0.7318935671350339511, 0.9499999999999999556 ) ) ;
#526 = VECTOR ( 'NONE', #31, 1000.000000000000227 ) ;
#527 = VECTOR ( 'NONE', #588, 1000.000000000000000 ) ;
#528 = CIRCLE ( 'NONE', #1875, 0.01000000000000001235 ) ;
#529 = DIRECTION ( 'NONE',  ( 0.9961946980917454342, 0.0000000000000000000, 0.08715574274765894303 ) ) ;
#530 = EDGE_CURVE ( 'NONE', #862, #1864, #291, .T. ) ;
#531 = SURFACE_STYLE_USAGE ( .BOTH. , #1508 ) ;
#532 = ORIENTED_EDGE ( 'NONE', *, *, #2063, .T. ) ;
#533 = EDGE_CURVE ( 'NONE', #180, #1825, #1502, .T. ) ;
#534 = SURFACE_STYLE_USAGE ( .BOTH. , #1882 ) ;
#535 = VECTOR ( 'NONE', #677, 1000.000000000000000 ) ;
#536 = CARTESIAN_POINT ( 'NONE',  ( 3.550762114890030177E-15, 0.7318935671350339511, 0.9499999999999999556 ) ) ;
#537 = PLANE ( 'NONE',  #481 ) ;
#538 = DIRECTION ( 'NONE',  ( 0.9961946980917454342, 0.0000000000000000000, 0.08715574274765894303 ) ) ;
#539 = FILL_AREA_STYLE ('',( #1057 ) ) ;
#540 = VERTEX_POINT ( 'NONE', #874 ) ;
#541 = DIRECTION ( 'NONE',  ( 0.0000000000000000000, 1.000000000000000000, 0.0000000000000000000 ) ) ;
#542 = DIRECTION ( 'NONE',  ( -1.000000000000000000, -0.0000000000000000000, -0.0000000000000000000 ) ) ;
#543 = DIRECTION ( 'NONE',  ( 0.0000000000000000000, 0.0000000000000000000, 1.000000000000000000 ) ) ;
#544 = DIRECTION ( 'NONE',  ( 0.0000000000000000000, 0.0000000000000000000, -1.000000000000000000 ) ) ;
#545 = SURFACE_SIDE_STYLE ('',( #1521 ) ) ;
#546 = ADVANCED_FACE ( 'NONE', ( #701 ), #1492, .T. ) ;
#547 = DIRECTION ( 'NONE',  ( 0.08682659386424761150, -0.08682659386424761150, -0.9924325091389670783 ) ) ;
#548 = ORIENTED_EDGE ( 'NONE', *, *, #1315, .F. ) ;
#549 = CARTESIAN_POINT ( 'NONE',  ( -1.320057025421185859, -0.8249999728495894802, 0.2000000011647405374 ) ) ;
#550 = CYLINDRICAL_SURFACE ( 'NONE', #2211, 0.01000000000000002623 ) ;
#551 = FACE_OUTER_BOUND ( 'NONE', #1179, .T. ) ;
#552 = LINE ( 'NONE', #742, #801 ) ;
#553 = AXIS2_PLACEMENT_3D ( 'NONE', #905, #150, #930 ) ;
#554 = CYLINDRICAL_SURFACE ( 'NONE', #2529, 0.03000000000000007869 ) ;
#555 = ORIENTED_EDGE ( 'NONE', *, *, #355, .T. ) ;
#556 = SURFACE_STYLE_FILL_AREA ( #1722 ) ;
#557 = ADVANCED_FACE ( 'NONE', ( #2463 ), #303, .T. ) ;
#558 = CARTESIAN_POINT ( 'NONE',  ( -1.050000000000000044, 0.4500000000000001221, 0.009999999999999998473 ) ) ;
#559 = ORIENTED_EDGE ( 'NONE', *, *, #2292, .F. ) ;
#560 = ORIENTED_EDGE ( 'NONE', *, *, #2443, .F. ) ;
#561 = LINE ( 'NONE', #2132, #2119 ) ;
#562 =( LENGTH_UNIT ( ) NAMED_UNIT ( * ) SI_UNIT ( .MILLI., .METRE. ) );
#563 = PRESENTATION_LAYER_ASSIGNMENT (  '', '', ( #1549 ) ) ;
#564 = EDGE_CURVE ( 'NONE', #1064, #1006, #758, .T. ) ;
#565 = MECHANICAL_DESIGN_GEOMETRIC_PRESENTATION_REPRESENTATION (  '', ( #1836 ), #431 ) ;
#566 = PRESENTATION_STYLE_ASSIGNMENT (( #1905 ) ) ;
#567 =( GEOMETRIC_REPRESENTATION_CONTEXT ( 3 ) GLOBAL_UNCERTAINTY_ASSIGNED_CONTEXT ( ( #1489 ) ) GLOBAL_UNIT_ASSIGNED_CONTEXT ( ( #101, #2084, #1049 ) ) REPRESENTATION_CONTEXT ( 'NONE', 'WORKASPACE' ) );
#568 = DIRECTION ( 'NONE',  ( 0.0000000000000000000, 0.0000000000000000000, -1.000000000000000000 ) ) ;
#569 = AXIS2_PLACEMENT_3D ( 'NONE', #480, #1668, #1265 ) ;
#570 = STYLED_ITEM ( 'NONE', ( #976 ), #1602 ) ;
#571 = CARTESIAN_POINT ( 'NONE',  ( -1.349999972712085050, 0.7950570616274378333, 0.2000000027365762822 ) ) ;
#572 = DIRECTION ( 'NONE',  ( 1.000000000000000000, 0.0000000000000000000, 0.0000000000000000000 ) ) ;
#573 = VERTEX_POINT ( 'NONE', #2547 ) ;
#574 = SURFACE_SIDE_STYLE ('',( #396 ) ) ;
#575 = EDGE_CURVE ( 'NONE', #2205, #2469, #380, .T. ) ;
#576 = PRESENTATION_STYLE_ASSIGNMENT (( #1392 ) ) ;
#577 = DIRECTION ( 'NONE',  ( -0.0000000000000000000, 0.0000000000000000000, -1.000000000000000000 ) ) ;
#578 = SURFACE_SIDE_STYLE ('',( #977 ) ) ;
#579 = LINE ( 'NONE', #829, #55 ) ;
#580 = DIRECTION ( 'NONE',  ( 0.0000000000000000000, 0.0000000000000000000, 1.000000000000000000 ) ) ;
#581 = UNCERTAINTY_MEASURE_WITH_UNIT (LENGTH_MEASURE( 1.000000000000000082E-05 ), #361, 'distance_accuracy_value', 'NONE');
#582 = FILL_AREA_STYLE ('',( #2353 ) ) ;
#583 = DIRECTION ( 'NONE',  ( 0.0004077104133559394136, 0.0000000000000000000, -0.9999999168861058996 ) ) ;
#584 = CARTESIAN_POINT ( 'NONE',  ( -1.050000000000000044, 0.4400000000000000577, 0.2000000000000000111 ) ) ;
#585 = EDGE_LOOP ( 'NONE', ( #1059, #2504, #682, #1085, #1734, #1733, #2096 ) ) ;
#586 = ORIENTED_EDGE ( 'NONE', *, *, #1171, .T. ) ;
#587 =( NAMED_UNIT ( * ) SI_UNIT ( $, .STERADIAN. ) SOLID_ANGLE_UNIT ( ) );
#588 = DIRECTION ( 'NONE',  ( 1.000000000000000000, 0.0000000000000000000, -0.0000000000000000000 ) ) ;
#589 = DIRECTION ( 'NONE',  ( -0.08682659386424759762, -0.08682659386424759762, 0.9924325091389669673 ) ) ;
#590 = FILL_AREA_STYLE_COLOUR ( '', #264 ) ;
#591 = LINE ( 'NONE', #2189, #1209 ) ;
#592 = ADVANCED_FACE ( 'NONE', ( #771 ), #1579, .T. ) ;
#593 = SURFACE_STYLE_FILL_AREA ( #820 ) ;
#594 =( GEOMETRIC_REPRESENTATION_CONTEXT ( 3 ) GLOBAL_UNCERTAINTY_ASSIGNED_CONTEXT ( ( #2284 ) ) GLOBAL_UNIT_ASSIGNED_CONTEXT ( ( #878, #842, #696 ) ) REPRESENTATION_CONTEXT ( 'NONE', 'WORKASPACE' ) );
#595 =( LENGTH_UNIT ( ) NAMED_UNIT ( * ) SI_UNIT ( .MILLI., .METRE. ) );
#596 = EDGE_LOOP ( 'NONE', ( #119, #2142, #2487 ) ) ;
#597 = ORIENTED_EDGE ( 'NONE', *, *, #1296, .F. ) ;
#598 = SURFACE_STYLE_FILL_AREA ( #1806 ) ;
#599 = PLANE ( 'NONE',  #1186 ) ;
#600 = CARTESIAN_POINT ( 'NONE',  ( -1.060000000000000497, 0.4400000000000000022, 0.2000000000000000111 ) ) ;
#601 = MECHANICAL_DESIGN_GEOMETRIC_PRESENTATION_REPRESENTATION (  '', ( #1387 ), #2500 ) ;
#602 = AXIS2_PLACEMENT_3D ( 'NONE', #467, #1251, #271 ) ;
#603 =( GEOMETRIC_REPRESENTATION_CONTEXT ( 3 ) GLOBAL_UNCERTAINTY_ASSIGNED_CONTEXT ( ( #2131 ) ) GLOBAL_UNIT_ASSIGNED_CONTEXT ( ( #433, #861, #1650 ) ) REPRESENTATION_CONTEXT ( 'NONE', 'WORKASPACE' ) );
#604 = LINE ( 'NONE', #1755, #2108 ) ;
#605 = FACE_OUTER_BOUND ( 'NONE', #2267, .T. ) ;
#606 = ORIENTED_EDGE ( 'NONE', *, *, #530, .T. ) ;
#607 = AXIS2_PLACEMENT_3D ( 'NONE', #385, #2538, #182 ) ;
#608 = AXIS2_PLACEMENT_3D ( 'NONE', #262, #2401, #1216 ) ;
#609 = CARTESIAN_POINT ( 'NONE',  ( 1.050000000000000044, 0.4500000000000001221, 0.1900000000000000022 ) ) ;
#610 = CIRCLE ( 'NONE', #2174, 0.02999999999999997113 ) ;
#611 = DIRECTION ( 'NONE',  ( 0.0000000000000000000, -1.000000000000000000, 0.0000000000000000000 ) ) ;
#612 = ORIENTED_EDGE ( 'NONE', *, *, #176, .T. ) ;
#613 = VECTOR ( 'NONE', #2173, 1000.000000000000000 ) ;
#614 = CARTESIAN_POINT ( 'NONE',  ( 1.299002575353257249, -0.8039264512804800145, 0.4408715579571773069 ) ) ;
#615 = DIRECTION ( 'NONE',  ( -1.000000000000000000, -0.0000000000000000000, -0.0000000000000000000 ) ) ;
#616 = DIRECTION ( 'NONE',  ( 0.08674879183199681043, 0.08682718459129955269, -0.9924392611800669783 ) ) ;
#617 = CARTESIAN_POINT ( 'NONE',  ( 1.793578176738978236, 0.4428436465220442764, 0.006421823261022119832 ) ) ;
#618 = FILL_AREA_STYLE_COLOUR ( '', #2386 ) ;
#619 = VERTEX_POINT ( 'NONE', #2519 ) ;
#620 = FACE_OUTER_BOUND ( 'NONE', #270, .T. ) ;
#621 = CARTESIAN_POINT ( 'NONE',  ( -1.340000000000000080, 0.7950000000000001510, 0.05000000000000003747 ) ) ;
#622 = EDGE_CURVE ( 'NONE', #1273, #1865, #2206, .T. ) ;
#623 = EDGE_LOOP ( 'NONE', ( #1066, #1409, #226 ) ) ;
#624 = CARTESIAN_POINT ( 'NONE',  ( -1.050000000000000044, -0.4500000000000001221, 0.009999999999999998473 ) ) ;
#625 = ORIENTED_EDGE ( 'NONE', *, *, #1570, .F. ) ;
#626 = CARTESIAN_POINT ( 'NONE',  ( -1.340000000000000080, 0.8249999999999999556, 0.06000000000000001166 ) ) ;
#627 = DIRECTION ( 'NONE',  ( 1.000000000000000000, 0.0000000000000000000, 0.0000000000000000000 ) ) ;
#628 = PRESENTATION_STYLE_ASSIGNMENT (( #38 ) ) ;
#629 = ORIENTED_EDGE ( 'NONE', *, *, #634, .F. ) ;
#630 = PRESENTATION_LAYER_ASSIGNMENT (  '', '', ( #2023 ) ) ;
#631 = CARTESIAN_POINT ( 'NONE',  ( -1.350000000000000089, -0.7950190264875389712, 0.1066666666666666458 ) ) ;
#632 =( NAMED_UNIT ( * ) PLANE_ANGLE_UNIT ( ) SI_UNIT ( $, .RADIAN. ) );
#633 = ORIENTED_EDGE ( 'NONE', *, *, #1019, .T. ) ;
#634 = EDGE_CURVE ( 'NONE', #1420, #2469, #761, .T. ) ;
#635 = ADVANCED_FACE ( 'NONE', ( #1371 ), #392, .T. ) ;
#636 = CARTESIAN_POINT ( 'NONE',  ( -1.349999999725019162, -0.7950570794626179438, 0.2000000031430481384 ) ) ;
#637 = VECTOR ( 'NONE', #1433, 1000.000000000000000 ) ;
#638 = VERTEX_POINT ( 'NONE', #1381 ) ;
#639 = CARTESIAN_POINT ( 'NONE',  ( -1.800000000000000488, 0.4500000000000001221, 0.009999999999999998473 ) ) ;
#640 = CARTESIAN_POINT ( 'NONE',  ( -1.340000000000000080, -0.4500000000000001221, 0.06000000000000001166 ) ) ;
#641 = DIRECTION ( 'NONE',  ( 0.0000000000000000000, 1.000000000000000000, 0.0000000000000000000 ) ) ;
#642 = PRESENTATION_LAYER_ASSIGNMENT (  '', '', ( #1393 ) ) ;
#643 = AXIS2_PLACEMENT_3D ( 'NONE', #1575, #1380, #1970 ) ;
#644 = EDGE_LOOP ( 'NONE', ( #821, #1447 ) ) ;
#645 = CIRCLE ( 'NONE', #965, 0.02000000000000005246 ) ;
#646 = PLANE ( 'NONE',  #269 ) ;
#647 = PRESENTATION_STYLE_ASSIGNMENT (( #1404 ) ) ;
#648 = SURFACE_STYLE_FILL_AREA ( #2028 ) ;
#649 = MECHANICAL_DESIGN_GEOMETRIC_PRESENTATION_REPRESENTATION (  '', ( #1225 ), #1519 ) ;
#650 = VERTEX_POINT ( 'NONE', #621 ) ;
#651 = EDGE_CURVE ( 'NONE', #1064, #735, #1226, .T. ) ;
#652 = EDGE_CURVE ( 'NONE', #1373, #180, #982, .T. ) ;
#653 = CARTESIAN_POINT ( 'NONE',  ( 1.050000000000000266, 0.4400000000000000022, 0.2000000000000000111 ) ) ;
#654 = EDGE_LOOP ( 'NONE', ( #1743, #1261, #2020, #258, #2471, #341, #1453 ) ) ;
#655 = SURFACE_STYLE_USAGE ( .BOTH. , #2288 ) ;
#656 = CARTESIAN_POINT ( 'NONE',  ( 3.469446951953609850E-15, -0.7318935671350339511, 0.9499999999999999556 ) ) ;
#657 = ORIENTED_EDGE ( 'NONE', *, *, #1366, .T. ) ;
#658 = PLANE ( 'NONE',  #602 ) ;
#659 = CARTESIAN_POINT ( 'NONE',  ( 1.050000000000000044, 0.4400000000000000577, 0.05000000000000007910 ) ) ;
#660 = EDGE_LOOP ( 'NONE', ( #458, #57, #515, #2382 ) ) ;
#661 = DIRECTION ( 'NONE',  ( 1.000000000000000000, 0.0000000000000000000, 0.0000000000000000000 ) ) ;
#662 = CARTESIAN_POINT ( 'NONE',  ( 1.320000000000000062, 0.7949999999999997069, 0.05000000000000018319 ) ) ;
#663 = CARTESIAN_POINT ( 'NONE',  ( -1.340000000000000080, -0.8249999999999999556, 0.05000000000000011380 ) ) ;
#664 = SURFACE_SIDE_STYLE ('',( #1870 ) ) ;
#665 = EDGE_LOOP ( 'NONE', ( #697, #2193 ) ) ;
#666 = EDGE_CURVE ( 'NONE', #276, #650, #1672, .T. ) ;
#667 = EDGE_CURVE ( 'NONE', #1372, #1568, #1783, .T. ) ;
#668 = ORIENTED_EDGE ( 'NONE', *, *, #1962, .T. ) ;
#669 = DIRECTION ( 'NONE',  ( -1.000000000000000000, -0.0000000000000000000, 0.0000000000000000000 ) ) ;
#670 = ORIENTED_EDGE ( 'NONE', *, *, #355, .F. ) ;
#671 = AXIS2_PLACEMENT_3D ( 'NONE', #933, #920, #2507 ) ;
#672 = DIRECTION ( 'NONE',  ( 0.0000000000000000000, 1.000000000000000000, 0.0000000000000000000 ) ) ;
#673 = CARTESIAN_POINT ( 'NONE',  ( -1.320000000000000062, 0.7950000000000000400, 0.05000000000000011380 ) ) ;
#674 = DIRECTION ( 'NONE',  ( 0.0000000000000000000, 0.0000000000000000000, 1.000000000000000000 ) ) ;
#675 = VECTOR ( 'NONE', #2262, 1000.000000000000000 ) ;
#676 = SURFACE_SIDE_STYLE ('',( #486 ) ) ;
#677 = DIRECTION ( 'NONE',  ( 0.0000000000000000000, -1.000000000000000000, -0.0000000000000000000 ) ) ;
#678 = CYLINDRICAL_SURFACE ( 'NONE', #553, 0.01000000000000002623 ) ;
#679 = ORIENTED_EDGE ( 'NONE', *, *, #1551, .F. ) ;
#680 = AXIS2_PLACEMENT_3D ( 'NONE', #67, #2437, #1857 ) ;
#681 = CARTESIAN_POINT ( 'NONE',  ( 1.320000000000000062, -0.7950000000000000400, 0.05000000000000011380 ) ) ;
#682 = ORIENTED_EDGE ( 'NONE', *, *, #954, .T. ) ;
#683 = ORIENTED_EDGE ( 'NONE', *, *, #1730, .T. ) ;
#684 = ADVANCED_FACE ( 'NONE', ( #1768 ), #1637, .T. ) ;
#685 = VECTOR ( 'NONE', #2070, 1000.000000000000000 ) ;
#686 = ADVANCED_FACE ( 'NONE', ( #2433 ), #2180, .T. ) ;
#687 = CARTESIAN_POINT ( 'NONE',  ( 1.350000000000000089, -0.8249999999999999556, 0.05000000000000011380 ) ) ;
#688 = VECTOR ( 'NONE', #1446, 1000.000000000000000 ) ;
#689 = CARTESIAN_POINT ( 'NONE',  ( -1.350000000000000089, 0.8249999999999999556, 0.06000000000000001166 ) ) ;
#690 = ORIENTED_EDGE ( 'NONE', *, *, #1282, .F. ) ;
#691 = PRESENTATION_LAYER_ASSIGNMENT (  '', '', ( #70 ) ) ;
#692 = MECHANICAL_DESIGN_GEOMETRIC_PRESENTATION_REPRESENTATION (  '', ( #1513 ), #887 ) ;
#693 = CARTESIAN_POINT ( 'NONE',  ( 1.800000000000000488, -0.4400000000000000022, 0.2000000000000000111 ) ) ;
#694 = FILL_AREA_STYLE_COLOUR ( '', #1996 ) ;
#695 = AXIS2_PLACEMENT_3D ( 'NONE', #687, #2059, #315 ) ;
#696 =( NAMED_UNIT ( * ) SI_UNIT ( $, .STERADIAN. ) SOLID_ANGLE_UNIT ( ) );
#697 = ORIENTED_EDGE ( 'NONE', *, *, #533, .F. ) ;
#698 = LINE ( 'NONE', #656, #1168 ) ;
#699 = CARTESIAN_POINT ( 'NONE',  ( -1.000002793905780063, 0.7318935671350339511, 0.9510000000000001785 ) ) ;
#700 = PLANE ( 'NONE',  #1475 ) ;
#701 = FACE_OUTER_BOUND ( 'NONE', #287, .T. ) ;
#702 = ORIENTED_EDGE ( 'NONE', *, *, #255, .F. ) ;
#703 = CARTESIAN_POINT ( 'NONE',  ( -1.350000000000000089, -0.4500000000000001221, 0.1900000000000000022 ) ) ;
#704 = EDGE_CURVE ( 'NONE', #706, #1229, #1457, .T. ) ;
#705 = PRESENTATION_STYLE_ASSIGNMENT (( #1645 ) ) ;
#706 = VERTEX_POINT ( 'NONE', #328 ) ;
#707 = ORIENTED_EDGE ( 'NONE', *, *, #2375, .T. ) ;
#708 = DIRECTION ( 'NONE',  ( 1.000000000000000000, 0.0000000000000000000, 0.0000000000000000000 ) ) ;
#709 = AXIS2_PLACEMENT_3D ( 'NONE', #2016, #59, #1471 ) ;
#710 = UNCERTAINTY_MEASURE_WITH_UNIT (LENGTH_MEASURE( 1.000000000000000082E-05 ), #718, 'distance_accuracy_value', 'NONE');
#711 = PLANE ( 'NONE',  #23 ) ;
#712 = SURFACE_STYLE_FILL_AREA ( #2047 ) ;
#713 = CARTESIAN_POINT ( 'NONE',  ( 1.256893567135040080, 0.7318935671350339511, 0.9200000000000000400 ) ) ;
#714 = ORIENTED_EDGE ( 'NONE', *, *, #2029, .F. ) ;
#715 = ORIENTED_EDGE ( 'NONE', *, *, #2313, .F. ) ;
#716 = UNCERTAINTY_MEASURE_WITH_UNIT (LENGTH_MEASURE( 1.000000000000000082E-05 ), #2290, 'distance_accuracy_value', 'NONE');
#717 = EDGE_CURVE ( 'NONE', #2205, #1382, #1080, .T. ) ;
#718 =( LENGTH_UNIT ( ) NAMED_UNIT ( * ) SI_UNIT ( .MILLI., .METRE. ) );
#719 = CARTESIAN_POINT ( 'NONE',  ( 3.469446951953609850E-15, -0.7318935671350339511, 0.9499999999999999556 ) ) ;
#720 = EDGE_CURVE ( 'NONE', #1833, #1458, #898, .T. ) ;
#721 = EDGE_CURVE ( 'NONE', #1493, #143, #1909, .T. ) ;
#722 = AXIS2_PLACEMENT_3D ( 'NONE', #1084, #725, #1888 ) ;
#723 = ORIENTED_EDGE ( 'NONE', *, *, #2427, .F. ) ;
#724 = CARTESIAN_POINT ( 'NONE',  ( 1.050000000000000044, -0.4500000000000001221, 0.2000000000000000111 ) ) ;
#725 = DIRECTION ( 'NONE',  ( 0.0000000000000000000, 0.0000000000000000000, 1.000000000000000000 ) ) ;
#726 = EDGE_LOOP ( 'NONE', ( #2201, #1151 ) ) ;
#727 = ORIENTED_EDGE ( 'NONE', *, *, #1061, .F. ) ;
#728 = PLANE ( 'NONE',  #18 ) ;
#729 = DIRECTION ( 'NONE',  ( -0.0000000000000000000, 1.000000000000000000, -0.0000000000000000000 ) ) ;
#730 = VECTOR ( 'NONE', #427, 1000.000000000000000 ) ;
#731 = VECTOR ( 'NONE', #2392, 1000.000000000000000 ) ;
#732 =( GEOMETRIC_REPRESENTATION_CONTEXT ( 3 ) GLOBAL_UNCERTAINTY_ASSIGNED_CONTEXT ( ( #62 ) ) GLOBAL_UNIT_ASSIGNED_CONTEXT ( ( #1569, #960, #927 ) ) REPRESENTATION_CONTEXT ( 'NONE', 'WORKASPACE' ) );
#733 = CYLINDRICAL_SURFACE ( 'NONE', #916, 0.01000000000000002623 ) ;
#734 = EDGE_CURVE ( 'NONE', #1554, #450, #1501, .T. ) ;
#735 = VERTEX_POINT ( 'NONE', #493 ) ;
#736 = AXIS2_PLACEMENT_3D ( 'NONE', #1534, #1323, #2350 ) ;
#737 =( NAMED_UNIT ( * ) PLANE_ANGLE_UNIT ( ) SI_UNIT ( $, .RADIAN. ) );
#738 =( NAMED_UNIT ( * ) SI_UNIT ( $, .STERADIAN. ) SOLID_ANGLE_UNIT ( ) );
#739 = EDGE_LOOP ( 'NONE', ( #1249, #472, #1745 ) ) ;
#740 = DIRECTION ( 'NONE',  ( 0.0000000000000000000, 0.0000000000000000000, 1.000000000000000000 ) ) ;
#741 = CARTESIAN_POINT ( 'NONE',  ( 1.349999972849435181, 0.7950570255013780230, 0.2000000000000000944 ) ) ;
#742 = CARTESIAN_POINT ( 'NONE',  ( 1.340047847600422282, 0.7851620066576650014, 0.3137536224522757822 ) ) ;
#743 = DIRECTION ( 'NONE',  ( 1.000000000000000000, 0.0000000000000000000, -0.0000000000000000000 ) ) ;
#744 = FACE_OUTER_BOUND ( 'NONE', #1307, .T. ) ;
#745 = LINE ( 'NONE', #1357, #808 ) ;
#746 = ADVANCED_FACE ( 'NONE', ( #314 ), #1883, .T. ) ;
#747 = EDGE_CURVE ( 'NONE', #2030, #813, #1326, .T. ) ;
#748 =( NAMED_UNIT ( * ) SI_UNIT ( $, .STERADIAN. ) SOLID_ANGLE_UNIT ( ) );
#749 = CARTESIAN_POINT ( 'NONE',  ( -1.340000000000000080, -0.7950000000000000400, 0.05000000000000005135 ) ) ;
#750 = EDGE_LOOP ( 'NONE', ( #1580, #2460, #1611, #2520, #2101, #1443, #1070 ) ) ;
#751 = LINE ( 'NONE', #1332, #183 ) ;
#752 = FACE_OUTER_BOUND ( 'NONE', #2405, .T. ) ;
#753 = DIRECTION ( 'NONE',  ( 0.0000000000000000000, -0.0000000000000000000, -1.000000000000000000 ) ) ;
#754 = AXIS2_PLACEMENT_3D ( 'NONE', #347, #1548, #1130 ) ;
#755 = FILL_AREA_STYLE_COLOUR ( '', #756 ) ;
#756 = COLOUR_RGB ( '',0.9764705882352940902, 0.9764705882352940902, 0.9764705882352940902 ) ;
#757 = DIRECTION ( 'NONE',  ( 0.0000000000000000000, -0.0004077104133845924376, -0.9999999168861058996 ) ) ;
#758 =( BOUNDED_CURVE ( )  B_SPLINE_CURVE ( 3, ( #2341, #1928, #2141, #1732 ),
 .UNSPECIFIED., .F., .F. ) 
 B_SPLINE_CURVE_WITH_KNOTS ( ( 4, 4 ),
 ( 2.358097139113296326, 2.359992588465633201 ),
 .UNSPECIFIED. ) 
 CURVE ( )  GEOMETRIC_REPRESENTATION_ITEM ( )  RATIONAL_B_SPLINE_CURVE ( ( 1.000000000000000000, 0.9999997006060017402, 0.9999997006060017402, 1.000000000000000000 ) ) 
 REPRESENTATION_ITEM ( '' )  );
#759 = DIRECTION ( 'NONE',  ( 0.0000000000000000000, 0.0000000000000000000, -1.000000000000000000 ) ) ;
#760 = DIRECTION ( 'NONE',  ( 1.850848880827181139E-14, 1.000000000000000000, -1.850848880827258132E-14 ) ) ;
#761 = LINE ( 'NONE', #584, #1674 ) ;
#762 = ORIENTED_EDGE ( 'NONE', *, *, #530, .F. ) ;
#763 = EDGE_CURVE ( 'NONE', #1229, #2263, #348, .T. ) ;
#764 = ORIENTED_EDGE ( 'NONE', *, *, #1620, .T. ) ;
#765 = AXIS2_PLACEMENT_3D ( 'NONE', #863, #1667, #2461 ) ;
#766 = FACE_OUTER_BOUND ( 'NONE', #1758, .T. ) ;
#767 = SURFACE_STYLE_FILL_AREA ( #1376 ) ;
#768 = AXIS2_PLACEMENT_3D ( 'NONE', #1718, #2307, #543 ) ;
#769 = MECHANICAL_DESIGN_GEOMETRIC_PRESENTATION_REPRESENTATION (  '', ( #402 ), #732 ) ;
#770 =( LENGTH_UNIT ( ) NAMED_UNIT ( * ) SI_UNIT ( .MILLI., .METRE. ) );
#771 = FACE_OUTER_BOUND ( 'NONE', #168, .T. ) ;
#772 = ORIENTED_EDGE ( 'NONE', *, *, #2426, .T. ) ;
#773 = ORIENTED_EDGE ( 'NONE', *, *, #2360, .T. ) ;
#774 = PRESENTATION_STYLE_ASSIGNMENT (( #1702 ) ) ;
#775 = DIRECTION ( 'NONE',  ( 0.9961946980917454342, 0.0000000000000000000, -0.08715574274765894303 ) ) ;
#776 = CARTESIAN_POINT ( 'NONE',  ( -1.320038052975076148, 0.8249999818996331946, 0.1533333333333334325 ) ) ;
#777 = DIRECTION ( 'NONE',  ( 0.0000000000000000000, 0.0000000000000000000, -1.000000000000000000 ) ) ;
#778 = CYLINDRICAL_SURFACE ( 'NONE', #643, 0.03000000000000003011 ) ;
#779 = PRODUCT_DEFINITION_CONTEXT ( 'detailed design', #2458, 'design' ) ;
#780 = SURFACE_STYLE_USAGE ( .BOTH. , #794 ) ;
#781 = CARTESIAN_POINT ( 'NONE',  ( -1.050000000000000044, 0.4400000000000000022, 0.2000000000000000111 ) ) ;
#782 = ORIENTED_EDGE ( 'NONE', *, *, #1832, .F. ) ;
#783 = ORIENTED_EDGE ( 'NONE', *, *, #1003, .F. ) ;
#784 = DIRECTION ( 'NONE',  ( 0.0000000000000000000, 0.0000000000000000000, 1.000000000000000000 ) ) ;
#785 = EDGE_CURVE ( 'NONE', #2205, #1554, #1729, .T. ) ;
#786 = DIRECTION ( 'NONE',  ( 0.0000000000000000000, 0.0000000000000000000, 1.000000000000000000 ) ) ;
#787 = DIRECTION ( 'NONE',  ( 0.0000000000000000000, 0.0000000000000000000, -1.000000000000000000 ) ) ;
#788 = ADVANCED_FACE ( 'NONE', ( #2542 ), #1131, .T. ) ;
#789 = FACE_OUTER_BOUND ( 'NONE', #726, .T. ) ;
#790 = CARTESIAN_POINT ( 'NONE',  ( 1.314119906793749903, -0.7891199067937509914, 0.2658999446052869864 ) ) ;
#791 =( GEOMETRIC_REPRESENTATION_CONTEXT ( 3 ) GLOBAL_UNCERTAINTY_ASSIGNED_CONTEXT ( ( #354 ) ) GLOBAL_UNIT_ASSIGNED_CONTEXT ( ( #2200, #428, #1574 ) ) REPRESENTATION_CONTEXT ( 'NONE', 'WORKASPACE' ) );
#792 = VERTEX_POINT ( 'NONE', #2149 ) ;
#793 =( GEOMETRIC_REPRESENTATION_CONTEXT ( 3 ) GLOBAL_UNCERTAINTY_ASSIGNED_CONTEXT ( ( #2102 ) ) GLOBAL_UNIT_ASSIGNED_CONTEXT ( ( #950, #1820, #386 ) ) REPRESENTATION_CONTEXT ( 'NONE', 'WORKASPACE' ) );
#794 = SURFACE_SIDE_STYLE ('',( #188 ) ) ;
#795 = LINE ( 'NONE', #781, #894 ) ;
#796 = ORIENTED_EDGE ( 'NONE', *, *, #2260, .F. ) ;
#797 = CARTESIAN_POINT ( 'NONE',  ( -1.349999981899633106, -0.7950380529750780134, 0.1533333333333332937 ) ) ;
#798 = DIRECTION ( 'NONE',  ( -0.0000000000000000000, -1.000000000000000000, 0.0000000000000000000 ) ) ;
#799 = PRESENTATION_LAYER_ASSIGNMENT (  '', '', ( #476 ) ) ;
#800 = COLOUR_RGB ( '',0.9764705882352940902, 0.9764705882352940902, 0.9764705882352940902 ) ;
#801 = VECTOR ( 'NONE', #589, 1000.000000000000114 ) ;
#802 = ADVANCED_FACE ( 'NONE', ( #953 ), #1174, .T. ) ;
#803 = AXIS2_PLACEMENT_3D ( 'NONE', #504, #1854, #2268 ) ;
#804 = ADVANCED_FACE ( 'NONE', ( #1944 ), #524, .T. ) ;
#805 = PRESENTATION_STYLE_ASSIGNMENT (( #223 ) ) ;
#806 = LINE ( 'NONE', #2377, #731 ) ;
#807 = ORIENTED_EDGE ( 'NONE', *, *, #1330, .T. ) ;
#808 = VECTOR ( 'NONE', #1893, 999.9999999999998863 ) ;
#809 = CARTESIAN_POINT ( 'NONE',  ( -1.793578176738978236, 0.4428436465220442764, 0.1935781767389778973 ) ) ;
#810 = CARTESIAN_POINT ( 'NONE',  ( -1.060000000000000497, 0.4500000000000001221, 0.05000000000000007910 ) ) ;
#811 = VECTOR ( 'NONE', #1847, 1000.000000000000000 ) ;
#812 =( NAMED_UNIT ( * ) PLANE_ANGLE_UNIT ( ) SI_UNIT ( $, .RADIAN. ) );
#813 = VERTEX_POINT ( 'NONE', #186 ) ;
#814 = VECTOR ( 'NONE', #583, 1000.000000000000227 ) ;
#815 = UNCERTAINTY_MEASURE_WITH_UNIT (LENGTH_MEASURE( 1.000000000000000082E-05 ), #562, 'distance_accuracy_value', 'NONE');
#816 = CARTESIAN_POINT ( 'NONE',  ( 1.340000000000000080, 0.7949999999999999289, 0.05000000000000017625 ) ) ;
#817 = CIRCLE ( 'NONE', #2304, 0.01000000000000001235 ) ;
#818 = CARTESIAN_POINT ( 'NONE',  ( -1.320057025421185859, -0.8249999728495894802, 0.2000000011647405374 ) ) ;
#819 = APPLICATION_PROTOCOL_DEFINITION ( 'draft international standard', 'automotive_design', 1998, #2458 ) ;
#820 = FILL_AREA_STYLE ('',( #618 ) ) ;
#821 = ORIENTED_EDGE ( 'NONE', *, *, #1193, .T. ) ;
#822 = EDGE_CURVE ( 'NONE', #1195, #1825, #336, .T. ) ;
#823 = CARTESIAN_POINT ( 'NONE',  ( 1.320057079367181530, -0.8249999728495822637, 0.2000000011649049614 ) ) ;
#824 = CARTESIAN_POINT ( 'NONE',  ( -1.056265508854770996, 0.4431327544273853114, 0.006867245572614730058 ) ) ;
#825 = VERTEX_POINT ( 'NONE', #1121 ) ;
#826 = FILL_AREA_STYLE_COLOUR ( '', #105 ) ;
#827 = DIRECTION ( 'NONE',  ( 0.0000000000000000000, 1.000000000000000000, 0.0000000000000000000 ) ) ;
#828 = SURFACE_STYLE_USAGE ( .BOTH. , #2224 ) ;
#829 = CARTESIAN_POINT ( 'NONE',  ( -1.800000000000000266, -0.4399999999999999467, 0.2000000000000000111 ) ) ;
#830 = ORIENTED_EDGE ( 'NONE', *, *, #2410, .T. ) ;
#831 = DIRECTION ( 'NONE',  ( -1.000000000000000000, 0.0000000000000000000, -0.0000000000000000000 ) ) ;
#832 = CARTESIAN_POINT ( 'NONE',  ( 1.340000000000000080, -0.8249999999999999556, 0.05000000000000011380 ) ) ;
#833 = EDGE_LOOP ( 'NONE', ( #901, #1136, #702, #657 ) ) ;
#834 = COLOUR_RGB ( '',0.9764705882352940902, 0.9764705882352940902, 0.9764705882352940902 ) ;
#835 =( LENGTH_UNIT ( ) NAMED_UNIT ( * ) SI_UNIT ( .MILLI., .METRE. ) );
#836 = EDGE_CURVE ( 'NONE', #2065, #1254, #745, .T. ) ;
#837 = ADVANCED_FACE ( 'NONE', ( #140 ), #1005, .T. ) ;
#838 = CIRCLE ( 'NONE', #470, 0.01000000000000002623 ) ;
#839 = DIRECTION ( 'NONE',  ( 0.0000000000000000000, 0.0000000000000000000, 1.000000000000000000 ) ) ;
#840 = ORIENTED_EDGE ( 'NONE', *, *, #1112, .T. ) ;
#841 =( NAMED_UNIT ( * ) SI_UNIT ( $, .STERADIAN. ) SOLID_ANGLE_UNIT ( ) );
#842 =( NAMED_UNIT ( * ) PLANE_ANGLE_UNIT ( ) SI_UNIT ( $, .RADIAN. ) );
#843 =( GEOMETRIC_REPRESENTATION_CONTEXT ( 3 ) GLOBAL_UNCERTAINTY_ASSIGNED_CONTEXT ( ( #1303 ) ) GLOBAL_UNIT_ASSIGNED_CONTEXT ( ( #1363, #2154, #587 ) ) REPRESENTATION_CONTEXT ( 'NONE', 'WORKASPACE' ) );
#844 = STYLED_ITEM ( 'NONE', ( #351 ), #557 ) ;
#845 = EDGE_LOOP ( 'NONE', ( #1320, #2482 ) ) ;
#846 = AXIS2_PLACEMENT_3D ( 'NONE', #1721, #966, #163 ) ;
#847 = CARTESIAN_POINT ( 'NONE',  ( 1.350000000000000089, 0.8249999999999999556, 0.9499999999999999556 ) ) ;
#848 = CARTESIAN_POINT ( 'NONE',  ( -1.350000000000000089, -0.4400000000000000022, 0.1900000000000000022 ) ) ;
#849 = COLOUR_RGB ( '',0.2000000000000000111, 0.2000000000000000111, 0.2000000000000000111 ) ;
#850 = VECTOR ( 'NONE', #1375, 1000.000000000000000 ) ;
#851 = CIRCLE ( 'NONE', #1472, 0.02999999999999997113 ) ;
#852 = DIRECTION ( 'NONE',  ( -1.000000000000000000, 0.0000000000000000000, -0.0000000000000000000 ) ) ;
#853 = AXIS2_PLACEMENT_3D ( 'NONE', #518, #2447, #873 ) ;
#854 = DIRECTION ( 'NONE',  ( 0.0000000000000000000, 0.0000000000000000000, -1.000000000000000000 ) ) ;
#855 = PRESENTATION_LAYER_ASSIGNMENT (  '', '', ( #1957 ) ) ;
#856 = ADVANCED_FACE ( 'NONE', ( #1756 ), #778, .T. ) ;
#857 = SURFACE_STYLE_FILL_AREA ( #1850 ) ;
#858 = LINE ( 'NONE', #1441, #1774 ) ;
#859 = EDGE_LOOP ( 'NONE', ( #875, #2128 ) ) ;
#860 = DIRECTION ( 'NONE',  ( -1.000000000000000000, 0.0000000000000000000, 0.0000000000000000000 ) ) ;
#861 =( NAMED_UNIT ( * ) PLANE_ANGLE_UNIT ( ) SI_UNIT ( $, .RADIAN. ) );
#862 = VERTEX_POINT ( 'NONE', #400 ) ;
#863 = CARTESIAN_POINT ( 'NONE',  ( -1.256893567135029866, -0.7318935671350342842, 0.9200000000000003730 ) ) ;
#864 = DIRECTION ( 'NONE',  ( -0.0000000000000000000, -1.000000000000000000, -0.0000000000000000000 ) ) ;
#865 = CARTESIAN_POINT ( 'NONE',  ( 1.060000000000000497, -0.4400000000000000022, 0.2000000000000000111 ) ) ;
#866 = EDGE_LOOP ( 'NONE', ( #1298, #1757, #2356, #21 ) ) ;
#867 = CARTESIAN_POINT ( 'NONE',  ( 1.320057079462619187, 0.8249999999999999556, 0.2000000000000000111 ) ) ;
#868 =( LENGTH_UNIT ( ) NAMED_UNIT ( * ) SI_UNIT ( .MILLI., .METRE. ) );
#869 =( LENGTH_UNIT ( ) NAMED_UNIT ( * ) SI_UNIT ( .MILLI., .METRE. ) );
#870 = ORIENTED_EDGE ( 'NONE', *, *, #1523, .T. ) ;
#871 = ORIENTED_EDGE ( 'NONE', *, *, #2183, .T. ) ;
#872 = CARTESIAN_POINT ( 'NONE',  ( -1.320057079367176422, 0.8249999728495822637, 0.2000000011649048504 ) ) ;
#873 = DIRECTION ( 'NONE',  ( 3.614007241618378069E-13, 2.529805069132864610E-14, 1.000000000000000000 ) ) ;
#874 = CARTESIAN_POINT ( 'NONE',  ( 1.286779408077789233, 0.7318935671350338401, 0.9226146722824295487 ) ) ;
#875 = ORIENTED_EDGE ( 'NONE', *, *, #2410, .F. ) ;
#876 = FACE_OUTER_BOUND ( 'NONE', #2079, .T. ) ;
#877 = LINE ( 'NONE', #2037, #2472 ) ;
#878 =( LENGTH_UNIT ( ) NAMED_UNIT ( * ) SI_UNIT ( .MILLI., .METRE. ) );
#879 = ORIENTED_EDGE ( 'NONE', *, *, #2427, .T. ) ;
#880 = AXIS2_PLACEMENT_3D ( 'NONE', #1540, #190, #1123 ) ;
#881 = CARTESIAN_POINT ( 'NONE',  ( -1.256893567135030088, 0.7318935671350339511, 0.9500000000000000666 ) ) ;
#882 = DIRECTION ( 'NONE',  ( 0.0000000000000000000, -1.000000000000000000, -0.0000000000000000000 ) ) ;
#883 = VECTOR ( 'NONE', #1700, 1000.000000000000227 ) ;
#884 = MECHANICAL_DESIGN_GEOMETRIC_PRESENTATION_REPRESENTATION (  '', ( #1138 ), #1553 ) ;
#885 = SURFACE_STYLE_FILL_AREA ( #2473 ) ;
#886 = DIRECTION ( 'NONE',  ( -1.000000000000000000, -0.0000000000000000000, -0.0000000000000000000 ) ) ;
#887 =( GEOMETRIC_REPRESENTATION_CONTEXT ( 3 ) GLOBAL_UNCERTAINTY_ASSIGNED_CONTEXT ( ( #506 ) ) GLOBAL_UNIT_ASSIGNED_CONTEXT ( ( #1014, #2196, #2424 ) ) REPRESENTATION_CONTEXT ( 'NONE', 'WORKASPACE' ) );
#888 = CARTESIAN_POINT ( 'NONE',  ( -1.350000000000000089, 0.4500000000000001221, 0.05000000000000011380 ) ) ;
#889 = ORIENTED_EDGE ( 'NONE', *, *, #2426, .F. ) ;
#890 = ORIENTED_EDGE ( 'NONE', *, *, #1003, .T. ) ;
#891 = VECTOR ( 'NONE', #1932, 1000.000000000000000 ) ;
#892 = FACE_OUTER_BOUND ( 'NONE', #414, .T. ) ;
#893 = DIRECTION ( 'NONE',  ( -1.000000000000000000, 0.0000000000000000000, 0.0000000000000000000 ) ) ;
#894 = VECTOR ( 'NONE', #2416, 1000.000000000000000 ) ;
#895 = PRESENTATION_LAYER_ASSIGNMENT (  '', '', ( #967 ) ) ;
#896 = ORIENTED_EDGE ( 'NONE', *, *, #1158, .T. ) ;
#897 = ORIENTED_EDGE ( 'NONE', *, *, #2443, .T. ) ;
#898 = LINE ( 'NONE', #465, #64 ) ;
#899 = PRESENTATION_STYLE_ASSIGNMENT (( #2282 ) ) ;
#900 = ADVANCED_FACE ( 'NONE', ( #1779 ), #9, .T. ) ;
#901 = ORIENTED_EDGE ( 'NONE', *, *, #2454, .T. ) ;
#902 = DIRECTION ( 'NONE',  ( -0.0000000000000000000, 1.000000000000000000, -0.0000000000000000000 ) ) ;
#903 = CARTESIAN_POINT ( 'NONE',  ( 1.350000000000000089, -0.8249999999999999556, 0.05000000000000011380 ) ) ;
#904 = CARTESIAN_POINT ( 'NONE',  ( 1.050000000000000044, 0.4400000000000000022, 0.2000000000000000111 ) ) ;
#905 = CARTESIAN_POINT ( 'NONE',  ( -1.790000000000000036, -0.4400000000000000022, 0.2000000000000000111 ) ) ;
#906 = ORIENTED_EDGE ( 'NONE', *, *, #446, .F. ) ;
#907 = CARTESIAN_POINT ( 'NONE',  ( 1.349999855676214278, 0.7950949703204657215, 0.2000016496284582335 ) ) ;
#908 = DIRECTION ( 'NONE',  ( 0.0000000000000000000, 0.0000000000000000000, -1.000000000000000000 ) ) ;
#909 = UNCERTAINTY_MEASURE_WITH_UNIT (LENGTH_MEASURE( 1.000000000000000082E-05 ), #1652, 'distance_accuracy_value', 'NONE');
#910 = CARTESIAN_POINT ( 'NONE',  ( 1.060000000000000719, -0.4500000000000001221, 0.05000000000000007910 ) ) ;
#911 = SURFACE_SIDE_STYLE ('',( #508 ) ) ;
#912 = ORIENTED_EDGE ( 'NONE', *, *, #1218, .T. ) ;
#913 = CARTESIAN_POINT ( 'NONE',  ( -1.350000000000000089, -0.4500000000000001221, 0.05000000000000011380 ) ) ;
#914 = EDGE_CURVE ( 'NONE', #79, #706, #806, .T. ) ;
#915 = CARTESIAN_POINT ( 'NONE',  ( -1.256893567135030088, -0.7318935671350339511, 0.9200000000000000400 ) ) ;
#916 = AXIS2_PLACEMENT_3D ( 'NONE', #600, #839, #457 ) ;
#917 = CARTESIAN_POINT ( 'NONE',  ( -1.307852938626863804, 0.7529480712441438683, 0.6817431159026314802 ) ) ;
#918 = SURFACE_SIDE_STYLE ('',( #1354 ) ) ;
#919 = ORIENTED_EDGE ( 'NONE', *, *, #1962, .F. ) ;
#920 = DIRECTION ( 'NONE',  ( -3.855935168389960214E-16, 3.855935168389912389E-16, -1.000000000000000000 ) ) ;
#921 = VECTOR ( 'NONE', #2517, 1000.000000000000000 ) ;
#922 = STYLED_ITEM ( 'NONE', ( #510 ), #1160 ) ;
#923 = AXIS2_PLACEMENT_3D ( 'NONE', #1987, #202, #2017 ) ;
#924 = EDGE_LOOP ( 'NONE', ( #1415, #764, #2445, #1625 ) ) ;
#925 = AXIS2_PLACEMENT_3D ( 'NONE', #350, #2301, #1911 ) ;
#926 = CARTESIAN_POINT ( 'NONE',  ( -1.000002793905780063, 0.7318935671350339511, 0.9510000000000001785 ) ) ;
#927 =( NAMED_UNIT ( * ) SI_UNIT ( $, .STERADIAN. ) SOLID_ANGLE_UNIT ( ) );
#928 = PRESENTATION_LAYER_ASSIGNMENT (  '', '', ( #1513 ) ) ;
#929 = LINE ( 'NONE', #2524, #850 ) ;
#930 = DIRECTION ( 'NONE',  ( 1.000000000000000000, 0.0000000000000000000, 0.0000000000000000000 ) ) ;
#931 = ADVANCED_FACE ( 'NONE', ( #605 ), #1408, .T. ) ;
#932 = EDGE_CURVE ( 'NONE', #1273, #1827, #196, .T. ) ;
#933 = CARTESIAN_POINT ( 'NONE',  ( 1.320000000000000062, -0.7950000000000000400, 0.06000000000000001860 ) ) ;
#934 = VECTOR ( 'NONE', #189, 1000.000000000000000 ) ;
#935 = FACE_OUTER_BOUND ( 'NONE', #1514, .T. ) ;
#936 = CARTESIAN_POINT ( 'NONE',  ( -1.286779408077786568, -5.421010862427519705E-17, 0.9226146722824304369 ) ) ;
#937 = CARTESIAN_POINT ( 'NONE',  ( -1.050000000000000044, -0.4400000000000000022, 0.2000000000000000111 ) ) ;
#938 = LINE ( 'NONE', #2145, #2340 ) ;
#939 = SURFACE_SIDE_STYLE ('',( #974 ) ) ;
#940 = CARTESIAN_POINT ( 'NONE',  ( -1.320019026487537994, 0.8250000000000000666, 0.1066666666666667151 ) ) ;
#941 = ADVANCED_FACE ( 'NONE', ( #2105 ), #1128, .T. ) ;
#942 = CARTESIAN_POINT ( 'NONE',  ( 1.050000000000000044, -0.4400000000000000022, 0.05000000000000007910 ) ) ;
#943 = ORIENTED_EDGE ( 'NONE', *, *, #717, .T. ) ;
#944 = ORIENTED_EDGE ( 'NONE', *, *, #116, .F. ) ;
#945 = CARTESIAN_POINT ( 'NONE',  ( 1.056666666666666865, -0.4433333333333334125, 0.006666666666666677503 ) ) ;
#946 = CARTESIAN_POINT ( 'NONE',  ( 1.310162006657670020, 0.7851620066576650014, 0.3111389501698459958 ) ) ;
#947 = CARTESIAN_POINT ( 'NONE',  ( 1.349999783617004789, 0.7951139426742473981, 0.2000024732690047768 ) ) ;
#948 = VECTOR ( 'NONE', #2362, 1000.000000000000000 ) ;
#949 = DIRECTION ( 'NONE',  ( 0.0000000000000000000, 1.000000000000000000, -0.0000000000000000000 ) ) ;
#950 =( LENGTH_UNIT ( ) NAMED_UNIT ( * ) SI_UNIT ( .MILLI., .METRE. ) );
#951 = AXIS2_PLACEMENT_3D ( 'NONE', #713, #2060, #1461 ) ;
#952 = PLANE ( 'NONE',  #345 ) ;
#953 = FACE_OUTER_BOUND ( 'NONE', #419, .T. ) ;
#954 = EDGE_CURVE ( 'NONE', #1861, #2378, #1903, .T. ) ;
#955 = PLANE ( 'NONE',  #1906 ) ;
#956 = CARTESIAN_POINT ( 'NONE',  ( 1.320000000000000728, -0.8150000000000000577, 0.06000000000000001166 ) ) ;
#957 = ORIENTED_EDGE ( 'NONE', *, *, #1803, .T. ) ;
#958 = ORIENTED_EDGE ( 'NONE', *, *, #1831, .F. ) ;
#959 = EDGE_CURVE ( 'NONE', #2112, #521, #299, .T. ) ;
#960 =( NAMED_UNIT ( * ) PLANE_ANGLE_UNIT ( ) SI_UNIT ( $, .RADIAN. ) );
#961 = PRESENTATION_LAYER_ASSIGNMENT (  '', '', ( #922 ) ) ;
#962 =( NAMED_UNIT ( * ) PLANE_ANGLE_UNIT ( ) SI_UNIT ( $, .RADIAN. ) );
#963 = DIRECTION ( 'NONE',  ( -0.08682659386424759762, 0.08682659386424759762, 0.9924325091389669673 ) ) ;
#964 =( GEOMETRIC_REPRESENTATION_CONTEXT ( 3 ) GLOBAL_UNCERTAINTY_ASSIGNED_CONTEXT ( ( #1690 ) ) GLOBAL_UNIT_ASSIGNED_CONTEXT ( ( #344, #962, #1922 ) ) REPRESENTATION_CONTEXT ( 'NONE', 'WORKASPACE' ) );
#965 = AXIS2_PLACEMENT_3D ( 'NONE', #343, #30, #42 ) ;
#966 = DIRECTION ( 'NONE',  ( 3.855935168389984373E-16, 3.855935168390079529E-16, 1.000000000000000000 ) ) ;
#967 = STYLED_ITEM ( 'NONE', ( #705 ), #2505 ) ;
#968 = DIRECTION ( 'NONE',  ( 0.0000000000000000000, 0.0000000000000000000, -1.000000000000000000 ) ) ;
#969 = FILL_AREA_STYLE ('',( #1 ) ) ;
#970 = ORIENTED_EDGE ( 'NONE', *, *, #1831, .T. ) ;
#971 = ORIENTED_EDGE ( 'NONE', *, *, #1817, .F. ) ;
#972 = CARTESIAN_POINT ( 'NONE',  ( -1.800000000000000488, 0.4500000000000001221, 0.2000000000000000111 ) ) ;
#973 = EDGE_CURVE ( 'NONE', #2043, #2446, #929, .T. ) ;
#974 = SURFACE_STYLE_FILL_AREA ( #2146 ) ;
#975 = CARTESIAN_POINT ( 'NONE',  ( -1.256893567135030088, 0.7318935671350339511, 0.9200000000000001510 ) ) ;
#976 = PRESENTATION_STYLE_ASSIGNMENT (( #2092 ) ) ;
#977 = SURFACE_STYLE_FILL_AREA ( #259 ) ;
#978 = DIRECTION ( 'NONE',  ( -1.000000000000000000, -0.0000000000000000000, -0.0000000000000000000 ) ) ;
#979 = SURFACE_STYLE_USAGE ( .BOTH. , #2002 ) ;
#980 = ORIENTED_EDGE ( 'NONE', *, *, #1661, .F. ) ;
#981 = CARTESIAN_POINT ( 'NONE',  ( 1.320019026487539771, -0.8250000000000000666, 0.1066666666666667151 ) ) ;
#982 = LINE ( 'NONE', #1034, #1740 ) ;
#983 = ORIENTED_EDGE ( 'NONE', *, *, #1848, .T. ) ;
#984 = VERTEX_POINT ( 'NONE', #397 ) ;
#985 = UNCERTAINTY_MEASURE_WITH_UNIT (LENGTH_MEASURE( 1.000000000000000082E-05 ), #2024, 'distance_accuracy_value', 'NONE');
#986 =( NAMED_UNIT ( * ) SI_UNIT ( $, .STERADIAN. ) SOLID_ANGLE_UNIT ( ) );
#987 = EDGE_CURVE ( 'NONE', #1989, #1372, #349, .T. ) ;
#988 = LINE ( 'NONE', #1027, #1430 ) ;
#989 = CARTESIAN_POINT ( 'NONE',  ( -1.350000000000000089, -0.4500000000000001221, 0.06000000000000001166 ) ) ;
#990 =( GEOMETRIC_REPRESENTATION_CONTEXT ( 3 ) GLOBAL_UNCERTAINTY_ASSIGNED_CONTEXT ( ( #2073 ) ) GLOBAL_UNIT_ASSIGNED_CONTEXT ( ( #2516, #1339, #1708 ) ) REPRESENTATION_CONTEXT ( 'NONE', 'WORKASPACE' ) );
#991 = FILL_AREA_STYLE ('',( #1969 ) ) ;
#992 = VECTOR ( 'NONE', #1063, 1000.000000000000000 ) ;
#993 = COLOUR_RGB ( '',0.9764705882352940902, 0.9764705882352940902, 0.9764705882352940902 ) ;
#994 = FILL_AREA_STYLE_COLOUR ( '', #800 ) ;
#995 = EDGE_LOOP ( 'NONE', ( #1941, #1916, #1659, #2018 ) ) ;
#996 = ORIENTED_EDGE ( 'NONE', *, *, #1832, .T. ) ;
#997 = CARTESIAN_POINT ( 'NONE',  ( 1.790000000000000036, 0.4500000000000001221, 0.2000000000000000111 ) ) ;
#998 = FILL_AREA_STYLE_COLOUR ( '', #110 ) ;
#999 = VECTOR ( 'NONE', #1421, 1000.000000000000000 ) ;
#1000 = ADVANCED_FACE ( 'NONE', ( #1533 ), #1750, .T. ) ;
#1001 = VECTOR ( 'NONE', #1342, 1000.000000000000000 ) ;
#1002 = VECTOR ( 'NONE', #882, 1000.000000000000000 ) ;
#1003 = EDGE_CURVE ( 'NONE', #2478, #735, #363, .T. ) ;
#1004 = ADVANCED_FACE ( 'NONE', ( #551 ), #2134, .T. ) ;
#1005 = CYLINDRICAL_SURFACE ( 'NONE', #1007, 0.01000000000000000021 ) ;
#1006 = VERTEX_POINT ( 'NONE', #2537 ) ;
#1007 = AXIS2_PLACEMENT_3D ( 'NONE', #199, #2404, #1983 ) ;
#1008 = LINE ( 'NONE', #26, #237 ) ;
#1009 = AXIS2_PLACEMENT_3D ( 'NONE', #1068, #290, #1056 ) ;
#1010 = ORIENTED_EDGE ( 'NONE', *, *, #2397, .F. ) ;
#1011 = VECTOR ( 'NONE', #2006, 1000.000000000000000 ) ;
#1012 = CARTESIAN_POINT ( 'NONE',  ( -1.800000000000000488, -0.4500000000000001221, 0.1900000000000000022 ) ) ;
#1013 = DIRECTION ( 'NONE',  ( 0.0000000000000000000, 0.0000000000000000000, 1.000000000000000000 ) ) ;
#1014 =( LENGTH_UNIT ( ) NAMED_UNIT ( * ) SI_UNIT ( .MILLI., .METRE. ) );
#1015 = FILL_AREA_STYLE_COLOUR ( '', #849 ) ;
#1016 = CARTESIAN_POINT ( 'NONE',  ( -1.319999999999999840, 0.8149999999999999467, 0.05000000000000000971 ) ) ;
#1017 = ORIENTED_EDGE ( 'NONE', *, *, #1890, .T. ) ;
#1018 = ADVANCED_FACE ( 'NONE', ( #766 ), #1773, .T. ) ;
#1019 = EDGE_CURVE ( 'NONE', #1949, #1864, #1205, .T. ) ;
#1020 = DIRECTION ( 'NONE',  ( -1.000000000000000000, -0.0000000000000000000, 0.0000000000000000000 ) ) ;
#1021 = DIRECTION ( 'NONE',  ( -0.0000000000000000000, -1.000000000000000000, -0.0000000000000000000 ) ) ;
#1022 =( NAMED_UNIT ( * ) SI_UNIT ( $, .STERADIAN. ) SOLID_ANGLE_UNIT ( ) );
#1023 = ORIENTED_EDGE ( 'NONE', *, *, #2551, .F. ) ;
#1024 = LINE ( 'NONE', #2207, #999 ) ;
#1025 =( NAMED_UNIT ( * ) PLANE_ANGLE_UNIT ( ) SI_UNIT ( $, .RADIAN. ) );
#1026 = VERTEX_POINT ( 'NONE', #1042 ) ;
#1027 = CARTESIAN_POINT ( 'NONE',  ( 1.790000000000000036, 0.4500000000000001221, 0.2000000000000000111 ) ) ;
#1028 = CARTESIAN_POINT ( 'NONE',  ( 1.340000000000000080, -0.4500000000000001221, 0.05000000000000011380 ) ) ;
#1029 =( NAMED_UNIT ( * ) PLANE_ANGLE_UNIT ( ) SI_UNIT ( $, .RADIAN. ) );
#1030 = CARTESIAN_POINT ( 'NONE',  ( 1.800000000000000488, -0.4400000000000000022, 0.1900000000000000022 ) ) ;
#1031 = EDGE_LOOP ( 'NONE', ( #1682, #477, #436, #442 ) ) ;
#1032 = CYLINDRICAL_SURFACE ( 'NONE', #1219, 0.02999999999999997113 ) ;
#1033 = EDGE_LOOP ( 'NONE', ( #2430, #1047, #1494, #1677 ) ) ;
#1034 = CARTESIAN_POINT ( 'NONE',  ( 1.800000000000000266, 0.4400000000000000022, 0.2000000000000000111 ) ) ;
#1035 = ORIENTED_EDGE ( 'NONE', *, *, #222, .T. ) ;
#1036 =( GEOMETRIC_REPRESENTATION_CONTEXT ( 3 ) GLOBAL_UNCERTAINTY_ASSIGNED_CONTEXT ( ( #1462 ) ) GLOBAL_UNIT_ASSIGNED_CONTEXT ( ( #869, #1646, #462 ) ) REPRESENTATION_CONTEXT ( 'NONE', 'WORKASPACE' ) );
#1037 = UNCERTAINTY_MEASURE_WITH_UNIT (LENGTH_MEASURE( 1.000000000000000082E-05 ), #1680, 'distance_accuracy_value', 'NONE');
#1038 = CARTESIAN_POINT ( 'NONE',  ( -1.793333333333333668, -0.4433333333333333570, 0.006666666666666712197 ) ) ;
#1039 = MECHANICAL_DESIGN_GEOMETRIC_PRESENTATION_REPRESENTATION (  '', ( #2157 ), #2495 ) ;
#1040 = EDGE_CURVE ( 'NONE', #1456, #2230, #2187, .T. ) ;
#1041 = ORIENTED_EDGE ( 'NONE', *, *, #2515, .F. ) ;
#1042 = CARTESIAN_POINT ( 'NONE',  ( -1.320057079367176422, 0.8249999728495822637, 0.2000000011649048504 ) ) ;
#1043 = B_SPLINE_CURVE_WITH_KNOTS ( 'NONE', 3,
 ( #159, #776, #940, #2525 ),
 .UNSPECIFIED., .F., .F.,
 ( 4, 4 ),
 ( 0.0000000000000000000, 1.000000000000000000 ),
 .UNSPECIFIED. ) ;
#1044 =( NAMED_UNIT ( * ) PLANE_ANGLE_UNIT ( ) SI_UNIT ( $, .RADIAN. ) );
#1045 = FILL_AREA_STYLE_COLOUR ( '', #2156 ) ;
#1046 = AXIS2_PLACEMENT_3D ( 'NONE', #342, #1125, #1900 ) ;
#1047 = ORIENTED_EDGE ( 'NONE', *, *, #1142, .F. ) ;
#1048 = ORIENTED_EDGE ( 'NONE', *, *, #98, .F. ) ;
#1049 =( NAMED_UNIT ( * ) SI_UNIT ( $, .STERADIAN. ) SOLID_ANGLE_UNIT ( ) );
#1050 = VECTOR ( 'NONE', #1432, 1000.000000000000000 ) ;
#1051 = AXIS2_PLACEMENT_3D ( 'NONE', #2190, #418, #1183 ) ;
#1052 = VERTEX_POINT ( 'NONE', #2389 ) ;
#1053 = VECTOR ( 'NONE', #2306, 1000.000000000000000 ) ;
#1054 = EDGE_CURVE ( 'NONE', #2446, #2065, #1632, .T. ) ;
#1055 = FACE_OUTER_BOUND ( 'NONE', #1268, .T. ) ;
#1056 = DIRECTION ( 'NONE',  ( 0.0000000000000000000, -0.0000000000000000000, -1.000000000000000000 ) ) ;
#1057 = FILL_AREA_STYLE_COLOUR ( '', #1211 ) ;
#1058 = AXIS2_PLACEMENT_3D ( 'NONE', #1149, #547, #538 ) ;
#1059 = ORIENTED_EDGE ( 'NONE', *, *, #240, .F. ) ;
#1060 = DIRECTION ( 'NONE',  ( 0.0000000000000000000, 0.0000000000000000000, -1.000000000000000000 ) ) ;
#1061 = EDGE_CURVE ( 'NONE', #735, #984, #43, .T. ) ;
#1062 = DIRECTION ( 'NONE',  ( -0.0000000000000000000, -0.0000000000000000000, -1.000000000000000000 ) ) ;
#1063 = DIRECTION ( 'NONE',  ( 0.0000000000000000000, -0.0000000000000000000, -1.000000000000000000 ) ) ;
#1064 = VERTEX_POINT ( 'NONE', #1413 ) ;
#1065 = DIRECTION ( 'NONE',  ( 1.000000000000000000, 0.0000000000000000000, -0.0000000000000000000 ) ) ;
#1066 = ORIENTED_EDGE ( 'NONE', *, *, #1658, .T. ) ;
#1067 = PRESENTATION_STYLE_ASSIGNMENT (( #1830 ) ) ;
#1068 = CARTESIAN_POINT ( 'NONE',  ( -0.7999999999999972689, 0.7318935671350339511, 0.9510000000000001785 ) ) ;
#1069 = DIRECTION ( 'NONE',  ( -0.0000000000000000000, 1.000000000000000000, -0.0000000000000000000 ) ) ;
#1070 = ORIENTED_EDGE ( 'NONE', *, *, #1091, .T. ) ;
#1071 = UNCERTAINTY_MEASURE_WITH_UNIT (LENGTH_MEASURE( 1.000000000000000082E-05 ), #2326, 'distance_accuracy_value', 'NONE');
#1072 = SURFACE_SIDE_STYLE ('',( #1450 ) ) ;
#1073 = CARTESIAN_POINT ( 'NONE',  ( 1.256893567135040080, -0.7318935671350338401, 0.9200000000000000400 ) ) ;
#1074 = EDGE_CURVE ( 'NONE', #1493, #650, #1914, .T. ) ;
#1075 = FILL_AREA_STYLE_COLOUR ( '', #284 ) ;
#1076 = CARTESIAN_POINT ( 'NONE',  ( 1.790000000000000036, 0.4400000000000000022, 0.2000000000000000111 ) ) ;
#1077 = EDGE_CURVE ( 'NONE', #2469, #2205, #1979, .T. ) ;
#1078 = ORIENTED_EDGE ( 'NONE', *, *, #932, .T. ) ;
#1079 = CARTESIAN_POINT ( 'NONE',  ( 1.320000000000000062, 0.7949999999999997069, 0.06000000000000001860 ) ) ;
#1080 = LINE ( 'NONE', #113, #1002 ) ;
#1081 = VECTOR ( 'NONE', #1999, 1000.000000000000000 ) ;
#1082 = CARTESIAN_POINT ( 'NONE',  ( 1.790000000000000036, 0.4500000000000001221, 0.01000000000000000021 ) ) ;
#1083 = SURFACE_SIDE_STYLE ('',( #712 ) ) ;
#1084 = CARTESIAN_POINT ( 'NONE',  ( -1.050000000000000044, 0.4500000000000001221, 0.0000000000000000000 ) ) ;
#1085 = ORIENTED_EDGE ( 'NONE', *, *, #63, .F. ) ;
#1086 = STYLED_ITEM ( 'NONE', ( #566 ), #387 ) ;
#1087 = EDGE_LOOP ( 'NONE', ( #2229, #522 ) ) ;
#1088 = CARTESIAN_POINT ( 'NONE',  ( -1.256893567135028755, -0.7318935671350348393, 0.9199999999999999289 ) ) ;
#1089 = DIRECTION ( 'NONE',  ( -0.0004077104133931117188, 0.0000000000000000000, -0.9999999168861058996 ) ) ;
#1090 = DIRECTION ( 'NONE',  ( -1.000000000000000000, 0.0000000000000000000, 0.0000000000000000000 ) ) ;
#1091 = EDGE_CURVE ( 'NONE', #1373, #180, #988, .T. ) ;
#1092 = ORIENTED_EDGE ( 'NONE', *, *, #95, .T. ) ;
#1093 = COLOUR_RGB ( '',0.9764705882352940902, 0.9764705882352940902, 0.9764705882352940902 ) ;
#1094 = ADVANCED_FACE ( 'NONE', ( #1405 ), #2038, .T. ) ;
#1095 = FACE_OUTER_BOUND ( 'NONE', #136, .T. ) ;
#1096 = DIRECTION ( 'NONE',  ( -0.0000000000000000000, -1.000000000000000000, -0.0000000000000000000 ) ) ;
#1097 = VECTOR ( 'NONE', #412, 1000.000000000000000 ) ;
#1098 = STYLED_ITEM ( 'NONE', ( #628 ), #686 ) ;
#1099 = FACE_OUTER_BOUND ( 'NONE', #1109, .T. ) ;
#1100 = AXIS2_PLACEMENT_3D ( 'NONE', #1444, #1237, #286 ) ;
#1101 = SURFACE_STYLE_FILL_AREA ( #1478 ) ;
#1102 = ORIENTED_EDGE ( 'NONE', *, *, #2489, .F. ) ;
#1103 = PRESENTATION_LAYER_ASSIGNMENT (  '', '', ( #402 ) ) ;
#1104 = DIRECTION ( 'NONE',  ( -0.08682659386424761150, -0.08682659386424761150, -0.9924325091389670783 ) ) ;
#1105 = CARTESIAN_POINT ( 'NONE',  ( -1.060000000000000497, -0.4400000000000000022, 0.05000000000000005135 ) ) ;
#1106 = COLOUR_RGB ( '',0.9764705882352940902, 0.9764705882352940902, 0.9764705882352940902 ) ;
#1107 = SURFACE_STYLE_USAGE ( .BOTH. , #489 ) ;
#1108 = PRESENTATION_STYLE_ASSIGNMENT (( #531 ) ) ;
#1109 = EDGE_LOOP ( 'NONE', ( #727, #474, #2510, #1713 ) ) ;
#1110 =( BOUNDED_CURVE ( )  B_SPLINE_CURVE ( 3, ( #1927, #1370, #1711, #165 ),
 .UNSPECIFIED., .F., .T. ) 
 B_SPLINE_CURVE_WITH_KNOTS ( ( 4, 4 ),
 ( 2.359992588465633201, 3.925088173674804892 ),
 .UNSPECIFIED. ) 
 CURVE ( )  GEOMETRIC_REPRESENTATION_ITEM ( )  RATIONAL_B_SPLINE_CURVE ( ( 1.000000000000000000, 0.8060796149940676614, 0.8060796149940676614, 1.000000000000000000 ) ) 
 REPRESENTATION_ITEM ( '' )  );
#1111 = CARTESIAN_POINT ( 'NONE',  ( 1.050000000000000044, -0.4400000000000000022, 0.01000000000000000021 ) ) ;
#1112 = EDGE_CURVE ( 'NONE', #2221, #1195, #1230, .T. ) ;
#1113 = ADVANCED_FACE ( 'NONE', ( #220 ), #1438, .T. ) ;
#1114 = CARTESIAN_POINT ( 'NONE',  ( -1.793578176738978236, 0.4435781767389780361, 0.007156353477955789376 ) ) ;
#1115 = ORIENTED_EDGE ( 'NONE', *, *, #747, .T. ) ;
#1116 = EDGE_LOOP ( 'NONE', ( #39, #2071, #1222, #395 ) ) ;
#1117 = CARTESIAN_POINT ( 'NONE',  ( 1.340000000000000080, -0.4500000000000001221, 0.06000000000000001166 ) ) ;
#1118 =( NAMED_UNIT ( * ) PLANE_ANGLE_UNIT ( ) SI_UNIT ( $, .RADIAN. ) );
#1119 = ORIENTED_EDGE ( 'NONE', *, *, #651, .T. ) ;
#1120 = CARTESIAN_POINT ( 'NONE',  ( -1.320000000000000062, 0.8249999999999998446, 0.06000000000000001166 ) ) ;
#1121 = CARTESIAN_POINT ( 'NONE',  ( -1.349999999862509625, 0.4400000000000000022, 0.2000000015715241997 ) ) ;
#1122 = FACE_OUTER_BOUND ( 'NONE', #2004, .T. ) ;
#1123 = DIRECTION ( 'NONE',  ( 1.807003620809147130E-13, 0.9969310122446245481, 0.07828509963529708959 ) ) ;
#1124 = ORIENTED_EDGE ( 'NONE', *, *, #1730, .F. ) ;
#1125 = DIRECTION ( 'NONE',  ( -1.000000000000000000, 0.0000000000000000000, -0.0000000000000000000 ) ) ;
#1126 = DIRECTION ( 'NONE',  ( 0.0000000000000000000, -1.000000000000000000, 0.0000000000000000000 ) ) ;
#1127 = EDGE_CURVE ( 'NONE', #1841, #2469, #2247, .T. ) ;
#1128 = CYLINDRICAL_SURFACE ( 'NONE', #1473, 0.01000000000000000021 ) ;
#1129 = CARTESIAN_POINT ( 'NONE',  ( -1.349999972712085050, 0.7950570616274378333, 0.2000000027365762822 ) ) ;
#1130 = DIRECTION ( 'NONE',  ( 0.08715574274765815199, 0.0000000000000000000, -0.9961946980917455452 ) ) ;
#1131 = CYLINDRICAL_SURFACE ( 'NONE', #2251, 0.01000000000000001235 ) ;
#1132 = DIRECTION ( 'NONE',  ( 0.0000000000000000000, -1.000000000000000000, 0.0000000000000000000 ) ) ;
#1133 =( NAMED_UNIT ( * ) PLANE_ANGLE_UNIT ( ) SI_UNIT ( $, .RADIAN. ) );
#1134 = COLOUR_RGB ( '',0.9764705882352940902, 0.9764705882352940902, 0.9764705882352940902 ) ;
#1135 = EDGE_LOOP ( 'NONE', ( #1647, #625, #2239, #912, #560, #87, #548 ) ) ;
#1136 = ORIENTED_EDGE ( 'NONE', *, *, #1761, .T. ) ;
#1137 = PRESENTATION_LAYER_ASSIGNMENT (  '', '', ( #2250 ) ) ;
#1138 = STYLED_ITEM ( 'NONE', ( #1908 ), #802 ) ;
#1139 = LINE ( 'NONE', #372, #891 ) ;
#1140 = AXIS2_PLACEMENT_3D ( 'NONE', #2554, #1335, #775 ) ;
#1141 = EDGE_CURVE ( 'NONE', #2065, #2040, #323, .T. ) ;
#1142 = EDGE_CURVE ( 'NONE', #2030, #1675, #2273, .T. ) ;
#1143 = DIRECTION ( 'NONE',  ( 0.0000000000000000000, -1.000000000000000000, 0.0000000000000000000 ) ) ;
#1144 = VECTOR ( 'NONE', #69, 1000.000000000000000 ) ;
#1145 = AXIS2_PLACEMENT_3D ( 'NONE', #1938, #178, #968 ) ;
#1146 = DIRECTION ( 'NONE',  ( 0.0000000000000000000, 0.0000000000000000000, 1.000000000000000000 ) ) ;
#1147 = AXIS2_PLACEMENT_3D ( 'NONE', #123, #1090, #86 ) ;
#1148 = DIRECTION ( 'NONE',  ( 1.000000000000000000, -0.0000000000000000000, 0.0000000000000000000 ) ) ;
#1149 = CARTESIAN_POINT ( 'NONE',  ( 1.256893567135033196, -0.7318935671350342842, 0.9200000000000043698 ) ) ;
#1150 = EDGE_LOOP ( 'NONE', ( #2169, #707, #368 ) ) ;
#1151 = ORIENTED_EDGE ( 'NONE', *, *, #652, .T. ) ;
#1152 = CARTESIAN_POINT ( 'NONE',  ( -1.350000000000000089, -0.8249999999999999556, 0.06000000000000001166 ) ) ;
#1153 = DIRECTION ( 'NONE',  ( 0.0000000000000000000, 0.0000000000000000000, -1.000000000000000000 ) ) ;
#1154 = DIRECTION ( 'NONE',  ( 1.000000000000000000, -2.550986004388637224E-32, -3.855935168389960214E-16 ) ) ;
#1155 = ADVANCED_FACE ( 'NONE', ( #1641 ), #485, .T. ) ;
#1156 = ADVANCED_FACE ( 'NONE', ( #2264 ), #1866, .T. ) ;
#1157 = CARTESIAN_POINT ( 'NONE',  ( -1.350000000000000089, 0.4500000000000001221, 0.06000000000000000472 ) ) ;
#1158 = EDGE_CURVE ( 'NONE', #1889, #735, #2032, .T. ) ;
#1159 = DIRECTION ( 'NONE',  ( 0.0000000000000000000, 0.0000000000000000000, 1.000000000000000000 ) ) ;
#1160 = ADVANCED_FACE ( 'NONE', ( #106 ), #1656, .F. ) ;
#1161 = CYLINDRICAL_SURFACE ( 'NONE', #1552, 0.01000000000000002623 ) ;
#1162 = CARTESIAN_POINT ( 'NONE',  ( -1.320057079462613858, -0.8249999999999999556, 0.1999999999999999001 ) ) ;
#1163 = DIRECTION ( 'NONE',  ( 1.000000000000000000, -7.403395523308586980E-14, -7.403395523308758636E-14 ) ) ;
#1164 = ORIENTED_EDGE ( 'NONE', *, *, #2261, .F. ) ;
#1165 = EDGE_LOOP ( 'NONE', ( #153, #1670 ) ) ;
#1166 = CARTESIAN_POINT ( 'NONE',  ( -1.800000000000000488, -0.4500000000000001221, 0.2000000000000000111 ) ) ;
#1167 = DIRECTION ( 'NONE',  ( 0.9961946980917454342, 0.0000000000000000000, 0.08715574274765894303 ) ) ;
#1168 = VECTOR ( 'NONE', #860, 1000.000000000000000 ) ;
#1169 = CARTESIAN_POINT ( 'NONE',  ( -1.320000000000000062, -0.7950000000000000400, 0.05000000000000000971 ) ) ;
#1170 = AXIS2_PLACEMENT_3D ( 'NONE', #1076, #2225, #490 ) ;
#1171 = EDGE_CURVE ( 'NONE', #1052, #276, #1269, .T. ) ;
#1172 = AXIS2_PLACEMENT_3D ( 'NONE', #1185, #249, #787 ) ;
#1173 = PLANE ( 'NONE',  #1663 ) ;
#1174 = CYLINDRICAL_SURFACE ( 'NONE', #1947, 0.009999999999999998473 ) ;
#1175 = EDGE_LOOP ( 'NONE', ( #1684, #2305, #304, #1398, #2434 ) ) ;
#1176 = CARTESIAN_POINT ( 'NONE',  ( 1.790000000000000036, -0.4400000000000000022, 0.2000000000000000111 ) ) ;
#1177 = DIRECTION ( 'NONE',  ( 7.215278009661206730E-32, -1.000000000000000000, -7.711870336779968746E-16 ) ) ;
#1178 = EDGE_LOOP ( 'NONE', ( #466, #944, #421, #292, #288 ) ) ;
#1179 = EDGE_LOOP ( 'NONE', ( #2533, #318, #1851, #1628 ) ) ;
#1180 = FACE_OUTER_BOUND ( 'NONE', #2408, .T. ) ;
#1181 = DIRECTION ( 'NONE',  ( 0.0000000000000000000, 1.000000000000000000, 0.0000000000000000000 ) ) ;
#1182 = AXIS2_PLACEMENT_3D ( 'NONE', #626, #1603, #1960 ) ;
#1183 = DIRECTION ( 'NONE',  ( 0.9961946980917454342, 0.0000000000000000000, 0.08715574274765894303 ) ) ;
#1184 = SHAPE_DEFINITION_REPRESENTATION ( #1808, #1602 ) ;
#1185 = CARTESIAN_POINT ( 'NONE',  ( 1.790000000000000036, 0.4500000000000001221, 0.1900000000000000022 ) ) ;
#1186 = AXIS2_PLACEMENT_3D ( 'NONE', #1365, #1153, #6 ) ;
#1187 = AXIS2_PLACEMENT_3D ( 'NONE', #251, #2210, #2223 ) ;
#1188 = MECHANICAL_DESIGN_GEOMETRIC_PRESENTATION_REPRESENTATION (  '', ( #70 ), #1955 ) ;
#1189 = CARTESIAN_POINT ( 'NONE',  ( 1.256893567135040080, -5.421010862427519705E-17, 0.9200000000000000400 ) ) ;
#1190 = AXIS2_PLACEMENT_3D ( 'NONE', #1653, #672, #1460 ) ;
#1191 = ORIENTED_EDGE ( 'NONE', *, *, #1661, .T. ) ;
#1192 = DIRECTION ( 'NONE',  ( 0.0000000000000000000, -1.000000000000000000, 0.0000000000000000000 ) ) ;
#1193 = EDGE_CURVE ( 'NONE', #1825, #1889, #92, .T. ) ;
#1194 = ADVANCED_FACE ( 'NONE', ( #892 ), #1685, .T. ) ;
#1195 = VERTEX_POINT ( 'NONE', #945 ) ;
#1196 = PRESENTATION_STYLE_ASSIGNMENT (( #2409 ) ) ;
#1197 = CARTESIAN_POINT ( 'NONE',  ( 1.350000000000000089, 0.8249999999999999556, 0.2000000000000001221 ) ) ;
#1198 = FILL_AREA_STYLE_COLOUR ( '', #1468 ) ;
#1199 = DIRECTION ( 'NONE',  ( 0.0000000000000000000, 0.0000000000000000000, -1.000000000000000000 ) ) ;
#1200 = ORIENTED_EDGE ( 'NONE', *, *, #1817, .T. ) ;
#1201 = LINE ( 'NONE', #1813, #2003 ) ;
#1202 = VERTEX_POINT ( 'NONE', #1747 ) ;
#1203 = DIRECTION ( 'NONE',  ( 0.0000000000000000000, 1.000000000000000000, 6.776263578034335659E-16 ) ) ;
#1204 = EDGE_CURVE ( 'NONE', #1825, #180, #751, .T. ) ;
#1205 = LINE ( 'NONE', #2411, #187 ) ;
#1206 = EDGE_CURVE ( 'NONE', #573, #1841, #2330, .T. ) ;
#1207 = AXIS2_PLACEMENT_3D ( 'NONE', #2025, #1488, #1649 ) ;
#1208 = DIRECTION ( 'NONE',  ( -0.0000000000000000000, -1.000000000000000000, 0.0000000000000000000 ) ) ;
#1209 = VECTOR ( 'NONE', #1208, 1000.000000000000000 ) ;
#1210 = ORIENTED_EDGE ( 'NONE', *, *, #275, .F. ) ;
#1211 = COLOUR_RGB ( '',0.9764705882352940902, 0.9764705882352940902, 0.9764705882352940902 ) ;
#1212 = DIRECTION ( 'NONE',  ( 0.0000000000000000000, 1.000000000000000000, 0.0000000000000000000 ) ) ;
#1213 = ORIENTED_EDGE ( 'NONE', *, *, #2442, .F. ) ;
#1214 = DIRECTION ( 'NONE',  ( 0.0000000000000000000, -1.000000000000000000, 0.0000000000000000000 ) ) ;
#1215 = VECTOR ( 'NONE', #305, 1000.000000000000000 ) ;
#1216 = DIRECTION ( 'NONE',  ( 0.08715574274765815199, 0.0000000000000000000, 0.9961946980917455452 ) ) ;
#1217 = LINE ( 'NONE', #1994, #526 ) ;
#1218 = EDGE_CURVE ( 'NONE', #573, #191, #2144, .T. ) ;
#1219 = AXIS2_PLACEMENT_3D ( 'NONE', #1520, #2091, #1322 ) ;
#1220 = VECTOR ( 'NONE', #902, 1000.000000000000000 ) ;
#1221 = CARTESIAN_POINT ( 'NONE',  ( 3.550762114890030177E-15, 0.8249999999999999556, 0.2000000000000000111 ) ) ;
#1222 = ORIENTED_EDGE ( 'NONE', *, *, #1551, .T. ) ;
#1223 = LINE ( 'NONE', #2005, #2208 ) ;
#1224 = CARTESIAN_POINT ( 'NONE',  ( 1.050000000000000044, 0.4500000000000001221, 0.009999999999999998473 ) ) ;
#1225 = STYLED_ITEM ( 'NONE', ( #647 ), #2181 ) ;
#1226 = LINE ( 'NONE', #1814, #1426 ) ;
#1227 = VERTEX_POINT ( 'NONE', #1931 ) ;
#1228 =( NAMED_UNIT ( * ) PLANE_ANGLE_UNIT ( ) SI_UNIT ( $, .RADIAN. ) );
#1229 = VERTEX_POINT ( 'NONE', #926 ) ;
#1230 = LINE ( 'NONE', #2012, #1559 ) ;
#1231 = LINE ( 'NONE', #1823, #1561 ) ;
#1232 = B_SPLINE_CURVE_WITH_KNOTS ( 'NONE', 3,
 ( #1613, #1418, #981, #452 ),
 .UNSPECIFIED., .F., .F.,
 ( 4, 4 ),
 ( 0.0000000000000000000, 1.000000000000000000 ),
 .UNSPECIFIED. ) ;
#1233 = EDGE_CURVE ( 'NONE', #1568, #1592, #157, .T. ) ;
#1234 = EDGE_CURVE ( 'NONE', #540, #2549, #1531, .T. ) ;
#1235 = DIRECTION ( 'NONE',  ( 0.0000000000000000000, 0.0000000000000000000, 1.000000000000000000 ) ) ;
#1236 = EDGE_LOOP ( 'NONE', ( #897, #2383, #1331, #606 ) ) ;
#1237 = DIRECTION ( 'NONE',  ( -0.0000000000000000000, -0.0000000000000000000, -1.000000000000000000 ) ) ;
#1238 = EDGE_CURVE ( 'NONE', #494, #450, #2345, .T. ) ;
#1239 = FILL_AREA_STYLE_COLOUR ( '', #1134 ) ;
#1240 = EDGE_LOOP ( 'NONE', ( #1897, #629, #879, #1048 ) ) ;
#1241 = CARTESIAN_POINT ( 'NONE',  ( -1.050000000000000044, 0.4400000000000000577, 0.05000000000000007910 ) ) ;
#1242 = FILL_AREA_STYLE_COLOUR ( '', #2255 ) ;
#1243 = SURFACE_STYLE_USAGE ( .BOTH. , #578 ) ;
#1244 = CARTESIAN_POINT ( 'NONE',  ( -1.056265508854770996, -0.4431327544273853669, 0.006867245572614735262 ) ) ;
#1245 = ORIENTED_EDGE ( 'NONE', *, *, #1901, .F. ) ;
#1246 = EDGE_CURVE ( 'NONE', #2217, #2065, #561, .T. ) ;
#1247 = FACE_OUTER_BOUND ( 'NONE', #1770, .T. ) ;
#1248 = CYLINDRICAL_SURFACE ( 'NONE', #1207, 0.03000000000000003011 ) ;
#1249 = ORIENTED_EDGE ( 'NONE', *, *, #1950, .F. ) ;
#1250 = COLOUR_RGB ( '',0.9764705882352940902, 0.9764705882352940902, 0.9764705882352940902 ) ;
#1251 = DIRECTION ( 'NONE',  ( 0.0000000000000000000, 1.000000000000000000, 0.0000000000000000000 ) ) ;
#1252 = FACE_OUTER_BOUND ( 'NONE', #739, .T. ) ;
#1253 =( NAMED_UNIT ( * ) SI_UNIT ( $, .STERADIAN. ) SOLID_ANGLE_UNIT ( ) );
#1254 = VERTEX_POINT ( 'NONE', #549 ) ;
#1255 = DIRECTION ( 'NONE',  ( 0.08682659386424761150, 0.08682659386424761150, -0.9924325091389670783 ) ) ;
#1256 = FACE_OUTER_BOUND ( 'NONE', #232, .T. ) ;
#1257 = VECTOR ( 'NONE', #1544, 1000.000000000000000 ) ;
#1258 =( GEOMETRIC_REPRESENTATION_CONTEXT ( 3 ) GLOBAL_UNCERTAINTY_ASSIGNED_CONTEXT ( ( #1543 ) ) GLOBAL_UNIT_ASSIGNED_CONTEXT ( ( #1591, #49, #215 ) ) REPRESENTATION_CONTEXT ( 'NONE', 'WORKASPACE' ) );
#1259 = EDGE_LOOP ( 'NONE', ( #1434, #430, #2278, #1829 ) ) ;
#1260 =( NAMED_UNIT ( * ) PLANE_ANGLE_UNIT ( ) SI_UNIT ( $, .RADIAN. ) );
#1261 = ORIENTED_EDGE ( 'NONE', *, *, #720, .T. ) ;
#1262 = MECHANICAL_DESIGN_GEOMETRIC_PRESENTATION_REPRESENTATION (  '', ( #277 ), #2338 ) ;
#1263 = ORIENTED_EDGE ( 'NONE', *, *, #36, .T. ) ;
#1264 = AXIS2_PLACEMENT_3D ( 'NONE', #662, #1981, #44 ) ;
#1265 = DIRECTION ( 'NONE',  ( 0.0000000000000000000, 0.0000000000000000000, 1.000000000000000000 ) ) ;
#1266 =( NAMED_UNIT ( * ) PLANE_ANGLE_UNIT ( ) SI_UNIT ( $, .RADIAN. ) );
#1267 = CIRCLE ( 'NONE', #2257, 0.01000000000000020837 ) ;
#1268 = EDGE_LOOP ( 'NONE', ( #1811, #2453, #2303 ) ) ;
#1269 = LINE ( 'NONE', #2050, #2245 ) ;
#1270 = SURFACE_STYLE_USAGE ( .BOTH. , #676 ) ;
#1271 = MECHANICAL_DESIGN_GEOMETRIC_PRESENTATION_REPRESENTATION (  '', ( #570 ), #1683 ) ;
#1272 = PLANE ( 'NONE',  #2412 ) ;
#1273 = VERTEX_POINT ( 'NONE', #1346 ) ;
#1274 = LINE ( 'NONE', #257, #260 ) ;
#1275 = FILL_AREA_STYLE ('',( #2459 ) ) ;
#1276 =( NAMED_UNIT ( * ) SI_UNIT ( $, .STERADIAN. ) SOLID_ANGLE_UNIT ( ) );
#1277 = PRESENTATION_STYLE_ASSIGNMENT (( #2474 ) ) ;
#1278 = ORIENTED_EDGE ( 'NONE', *, *, #1218, .F. ) ;
#1279 = ORIENTED_EDGE ( 'NONE', *, *, #1884, .F. ) ;
#1280 = ADVANCED_FACE ( 'NONE', ( #371 ), #728, .F. ) ;
#1281 = CARTESIAN_POINT ( 'NONE',  ( 1.800000000000000488, -0.4400000000000000577, 0.2000000000000000111 ) ) ;
#1282 = EDGE_CURVE ( 'NONE', #143, #276, #2204, .T. ) ;
#1283 = EDGE_CURVE ( 'NONE', #2217, #1541, #378, .T. ) ;
#1284 = CARTESIAN_POINT ( 'NONE',  ( 1.256893567135038747, 0.7318935671350338401, 0.9199999999999999289 ) ) ;
#1285 = SURFACE_STYLE_USAGE ( .BOTH. , #664 ) ;
#1286 = ORIENTED_EDGE ( 'NONE', *, *, #1658, .F. ) ;
#1287 = ORIENTED_EDGE ( 'NONE', *, *, #720, .F. ) ;
#1288 = FACE_OUTER_BOUND ( 'NONE', #1948, .T. ) ;
#1289 = COLOUR_RGB ( '',0.9764705882352940902, 0.9764705882352940902, 0.9764705882352940902 ) ;
#1290 = ORIENTED_EDGE ( 'NONE', *, *, #241, .T. ) ;
#1291 = CARTESIAN_POINT ( 'NONE',  ( -0.7999999999999972689, 0.7318935671350339511, 0.9510000000000001785 ) ) ;
#1292 = PRESENTATION_LAYER_ASSIGNMENT (  '', '', ( #2157 ) ) ;
#1293 = LINE ( 'NONE', #2285, #1598 ) ;
#1294 = CARTESIAN_POINT ( 'NONE',  ( -0.7999999999999960476, 0.8249999999999999556, 0.9499999999999999556 ) ) ;
#1295 = SPHERICAL_SURFACE ( 'NONE', #2238, 0.02999999999999995032 ) ;
#1296 = EDGE_CURVE ( 'NONE', #619, #1959, #1024, .T. ) ;
#1297 = EDGE_CURVE ( 'NONE', #1373, #1889, #1966, .T. ) ;
#1298 = ORIENTED_EDGE ( 'NONE', *, *, #1282, .T. ) ;
#1299 = AXIS2_PLACEMENT_3D ( 'NONE', #2479, #1496, #1517 ) ;
#1300 = SURFACE_STYLE_FILL_AREA ( #162 ) ;
#1301 = VECTOR ( 'NONE', #1977, 1000.000000000000000 ) ;
#1302 = VECTOR ( 'NONE', #2352, 1000.000000000000000 ) ;
#1303 = UNCERTAINTY_MEASURE_WITH_UNIT (LENGTH_MEASURE( 1.000000000000000082E-05 ), #1363, 'distance_accuracy_value', 'NONE');
#1304 = SURFACE_STYLE_FILL_AREA ( #2545 ) ;
#1305 = PRESENTATION_LAYER_ASSIGNMENT (  '', '', ( #277 ) ) ;
#1306 = AXIS2_PLACEMENT_3D ( 'NONE', #1737, #1571, #753 ) ;
#1307 = EDGE_LOOP ( 'NONE', ( #129, #246, #919, #509, #1092 ) ) ;
#1308 = ORIENTED_EDGE ( 'NONE', *, *, #747, .F. ) ;
#1309 = CARTESIAN_POINT ( 'NONE',  ( -1.000002793905780063, -0.7318935671350343952, 0.9510000000000001785 ) ) ;
#1310 = AXIS2_PLACEMENT_3D ( 'NONE', #2400, #1214, #1991 ) ;
#1311 = CIRCLE ( 'NONE', #1639, 0.03000000000000003011 ) ;
#1312 = PLANE ( 'NONE',  #2543 ) ;
#1313 = PLANE ( 'NONE',  #214 ) ;
#1314 = DIRECTION ( 'NONE',  ( 0.0000000000000000000, 1.000000000000000000, 0.0000000000000000000 ) ) ;
#1315 = EDGE_CURVE ( 'NONE', #450, #1949, #2186, .T. ) ;
#1316 = DIRECTION ( 'NONE',  ( 0.0000000000000000000, 0.0000000000000000000, 1.000000000000000000 ) ) ;
#1317 = DIRECTION ( 'NONE',  ( 0.0000000000000000000, 2.168404344970963745E-14, 1.000000000000000000 ) ) ;
#1318 = DIRECTION ( 'NONE',  ( 1.000000000000000000, 0.0000000000000000000, 0.0000000000000000000 ) ) ;
#1319 = VERTEX_POINT ( 'NONE', #816 ) ;
#1320 = ORIENTED_EDGE ( 'NONE', *, *, #2477, .T. ) ;
#1321 = SURFACE_STYLE_FILL_AREA ( #2536 ) ;
#1322 = DIRECTION ( 'NONE',  ( 0.0000000000000000000, 0.0000000000000000000, 1.000000000000000000 ) ) ;
#1323 = DIRECTION ( 'NONE',  ( 1.000000000000000000, 1.314145683813528678E-14, -1.421385925607586145E-14 ) ) ;
#1324 =( LENGTH_UNIT ( ) NAMED_UNIT ( * ) SI_UNIT ( .MILLI., .METRE. ) );
#1325 = DIRECTION ( 'NONE',  ( 0.0000000000000000000, 0.0000000000000000000, 1.000000000000000000 ) ) ;
#1326 = LINE ( 'NONE', #536, #1992 ) ;
#1327 = CARTESIAN_POINT ( 'NONE',  ( 1.800000000000000488, 0.4500000000000001221, 0.2000000000000000111 ) ) ;
#1328 = CARTESIAN_POINT ( 'NONE',  ( 1.340000000000000080, 0.7950000000000002620, 0.06000000000000037942 ) ) ;
#1329 = ORIENTED_EDGE ( 'NONE', *, *, #501, .F. ) ;
#1330 = EDGE_CURVE ( 'NONE', #638, #862, #2125, .T. ) ;
#1331 = ORIENTED_EDGE ( 'NONE', *, *, #2454, .F. ) ;
#1332 = CARTESIAN_POINT ( 'NONE',  ( 1.800000000000000488, 0.4500000000000001221, 0.009999999999999998473 ) ) ;
#1333 = CARTESIAN_POINT ( 'NONE',  ( 1.350000000000000089, -0.7950000000000000400, 0.05999999999999999778 ) ) ;
#1334 = AXIS2_PLACEMENT_3D ( 'NONE', #865, #2302, #1318 ) ;
#1335 = DIRECTION ( 'NONE',  ( 0.08682659386424761150, 0.08682659386424761150, 0.9924325091389670783 ) ) ;
#1336 = CARTESIAN_POINT ( 'NONE',  ( -1.790000000000000036, 0.4500000000000001221, 0.1900000000000000022 ) ) ;
#1337 = LINE ( 'NONE', #134, #1799 ) ;
#1338 = DIRECTION ( 'NONE',  ( 0.0000000000000000000, 1.000000000000000000, -0.0000000000000000000 ) ) ;
#1339 =( NAMED_UNIT ( * ) PLANE_ANGLE_UNIT ( ) SI_UNIT ( $, .RADIAN. ) );
#1340 = CARTESIAN_POINT ( 'NONE',  ( -1.800000000000000266, 0.4400000000000000022, 0.2000000000000000111 ) ) ;
#1341 = VECTOR ( 'NONE', #29, 1000.000000000000000 ) ;
#1342 = DIRECTION ( 'NONE',  ( -0.0000000000000000000, -0.0000000000000000000, -1.000000000000000000 ) ) ;
#1343 = AXIS2_PLACEMENT_3D ( 'NONE', #1953, #1805, #1203 ) ;
#1344 = EDGE_LOOP ( 'NONE', ( #2368, #203, #1664, #1844 ) ) ;
#1345 = AXIS2_PLACEMENT_3D ( 'NONE', #1169, #1572, #2349 ) ;
#1346 = CARTESIAN_POINT ( 'NONE',  ( 1.320000000000000062, -0.8250000000000000666, 0.06000000000000001166 ) ) ;
#1347 = STYLED_ITEM ( 'NONE', ( #301 ), #746 ) ;
#1348 = CARTESIAN_POINT ( 'NONE',  ( -1.256893567135030088, 0.7318935671350339511, 0.9200000000000001510 ) ) ;
#1349 = CIRCLE ( 'NONE', #437, 0.01000000000000001235 ) ;
#1350 = ADVANCED_FACE ( 'NONE', ( #51 ), #646, .F. ) ;
#1351 = CARTESIAN_POINT ( 'NONE',  ( 1.060000000000000497, 0.4500000000000001221, 0.01000000000000000021 ) ) ;
#1352 = CARTESIAN_POINT ( 'NONE',  ( 1.350000000000000089, -0.4500000000000001221, 0.06000000000000000472 ) ) ;
#1353 = CIRCLE ( 'NONE', #32, 0.01000000000000002623 ) ;
#1354 = SURFACE_STYLE_FILL_AREA ( #2556 ) ;
#1355 = PRODUCT_RELATED_PRODUCT_CATEGORY ( 'part', '', ( #1587 ) ) ;
#1356 = CARTESIAN_POINT ( 'NONE',  ( -1.256893567135030088, -5.421010862427519705E-17, 0.9200000000000000400 ) ) ;
#1357 = CARTESIAN_POINT ( 'NONE',  ( -1.256893567135031198, -0.7617794080777865462, 0.9226146722824298818 ) ) ;
#1358 = UNCERTAINTY_MEASURE_WITH_UNIT (LENGTH_MEASURE( 1.000000000000000082E-05 ), #2450, 'distance_accuracy_value', 'NONE');
#1359 = CARTESIAN_POINT ( 'NONE',  ( -1.337577671905751053, 0.8249666102206025808, 0.2007620652678921980 ) ) ;
#1360 = FACE_OUTER_BOUND ( 'NONE', #2369, .T. ) ;
#1361 = ORIENTED_EDGE ( 'NONE', *, *, #785, .F. ) ;
#1362 = ORIENTED_EDGE ( 'NONE', *, *, #1798, .T. ) ;
#1363 =( LENGTH_UNIT ( ) NAMED_UNIT ( * ) SI_UNIT ( .MILLI., .METRE. ) );
#1364 = ADVANCED_FACE ( 'NONE', ( #1180 ), #2418, .T. ) ;
#1365 = CARTESIAN_POINT ( 'NONE',  ( 1.350000000000000089, 0.8249999999999999556, 0.9499999999999999556 ) ) ;
#1366 = EDGE_CURVE ( 'NONE', #1827, #862, #1389, .T. ) ;
#1367 = EDGE_CURVE ( 'NONE', #706, #2030, #1990, .T. ) ;
#1368 = DIRECTION ( 'NONE',  ( 1.000000000000000000, 0.0000000000000000000, 0.0000000000000000000 ) ) ;
#1369 = DIRECTION ( 'NONE',  ( 1.000000000000000000, 0.0000000000000000000, 0.0000000000000000000 ) ) ;
#1370 = CARTESIAN_POINT ( 'NONE',  ( 1.349933338850831666, -0.8126080783939254593, 0.2007619404215500170 ) ) ;
#1371 = FACE_OUTER_BOUND ( 'NONE', #750, .T. ) ;
#1372 = VERTEX_POINT ( 'NONE', #234 ) ;
#1373 = VERTEX_POINT ( 'NONE', #194 ) ;
#1374 = CARTESIAN_POINT ( 'NONE',  ( -1.256893567135030532, -0.7617794080777867682, 0.9226146722824299928 ) ) ;
#1375 = DIRECTION ( 'NONE',  ( -1.000000000000000000, 0.0000000000000000000, -0.0000000000000000000 ) ) ;
#1376 = FILL_AREA_STYLE ('',( #1198 ) ) ;
#1377 = ADVANCED_FACE ( 'NONE', ( #1759 ), #41, .T. ) ;
#1378 = MECHANICAL_DESIGN_GEOMETRIC_PRESENTATION_REPRESENTATION (  '', ( #1416 ), #793 ) ;
#1379 = CARTESIAN_POINT ( 'NONE',  ( -1.340000000000000080, -0.4500000000000001221, 0.05000000000000011380 ) ) ;
#1380 = DIRECTION ( 'NONE',  ( 0.08682659386424761150, -0.08682659386424761150, 0.9924325091389670783 ) ) ;
#1381 = CARTESIAN_POINT ( 'NONE',  ( -1.349999972849483365, -0.7950570254760811473, 0.2000000011671281552 ) ) ;
#1382 = VERTEX_POINT ( 'NONE', #1038 ) ;
#1383 = EDGE_LOOP ( 'NONE', ( #415, #1361, #382, #1210 ) ) ;
#1384 = UNCERTAINTY_MEASURE_WITH_UNIT (LENGTH_MEASURE( 1.000000000000000082E-05 ), #2244, 'distance_accuracy_value', 'NONE');
#1385 = SURFACE_STYLE_USAGE ( .BOTH. , #2399 ) ;
#1386 = CYLINDRICAL_SURFACE ( 'NONE', #2214, 0.01000000000000000021 ) ;
#1387 = STYLED_ITEM ( 'NONE', ( #1593 ), #1350 ) ;
#1388 = COLOUR_RGB ( '',0.9764705882352940902, 0.9764705882352940902, 0.9764705882352940902 ) ;
#1389 = CIRCLE ( 'NONE', #1343, 0.03000000000000029726 ) ;
#1390 = AXIS2_PLACEMENT_3D ( 'NONE', #2138, #1159, #2311 ) ;
#1391 = DIRECTION ( 'NONE',  ( -0.0000000000000000000, 0.0000000000000000000, -1.000000000000000000 ) ) ;
#1392 = SURFACE_STYLE_USAGE ( .BOTH. , #1933 ) ;
#1393 = STYLED_ITEM ( 'NONE', ( #2166 ), #1615 ) ;
#1394 = VECTOR ( 'NONE', #2319, 1000.000000000000000 ) ;
#1395 = DIRECTION ( 'NONE',  ( -0.0000000000000000000, 0.0000000000000000000, 1.000000000000000000 ) ) ;
#1396 = DIRECTION ( 'NONE',  ( -0.08682659386424761150, 0.08682659386424761150, 0.9924325091389670783 ) ) ;
#1397 =( GEOMETRIC_REPRESENTATION_CONTEXT ( 3 ) GLOBAL_UNCERTAINTY_ASSIGNED_CONTEXT ( ( #40 ) ) GLOBAL_UNIT_ASSIGNED_CONTEXT ( ( #835, #632, #986 ) ) REPRESENTATION_CONTEXT ( 'NONE', 'WORKASPACE' ) );
#1398 = ORIENTED_EDGE ( 'NONE', *, *, #1588, .T. ) ;
#1399 = DIRECTION ( 'NONE',  ( -1.000000000000000000, -0.0000000000000000000, -0.0000000000000000000 ) ) ;
#1400 = DIRECTION ( 'NONE',  ( 0.0000000000000000000, -0.0000000000000000000, -1.000000000000000000 ) ) ;
#1401 = ORIENTED_EDGE ( 'NONE', *, *, #2293, .F. ) ;
#1402 = ADVANCED_FACE ( 'NONE', ( #1099 ), #711, .F. ) ;
#1403 = EDGE_CURVE ( 'NONE', #619, #1026, #1634, .T. ) ;
#1404 = SURFACE_STYLE_USAGE ( .BOTH. , #416 ) ;
#1405 = FACE_OUTER_BOUND ( 'NONE', #866, .T. ) ;
#1406 = CARTESIAN_POINT ( 'NONE',  ( -1.349999972849483365, -0.7950570254760811473, 0.2000000011671281552 ) ) ;
#1407 = CYLINDRICAL_SURFACE ( 'NONE', #1170, 0.01000000000000002623 ) ;
#1408 = CYLINDRICAL_SURFACE ( 'NONE', #1051, 0.03000000000000003011 ) ;
#1409 = ORIENTED_EDGE ( 'NONE', *, *, #2001, .F. ) ;
#1410 = LINE ( 'NONE', #1578, #934 ) ;
#1411 = ORIENTED_EDGE ( 'NONE', *, *, #2165, .T. ) ;
#1412 = LINE ( 'NONE', #1197, #613 ) ;
#1413 = CARTESIAN_POINT ( 'NONE',  ( 1.349999972849537988, -0.7950570794333853275, 0.2000000035185170999 ) ) ;
#1414 = DIRECTION ( 'NONE',  ( -0.0000000000000000000, 0.9961946980917455452, 0.08715574274765815199 ) ) ;
#1415 = ORIENTED_EDGE ( 'NONE', *, *, #1442, .F. ) ;
#1416 = STYLED_ITEM ( 'NONE', ( #2232 ), #483 ) ;
#1417 = FACE_OUTER_BOUND ( 'NONE', #660, .T. ) ;
#1418 = CARTESIAN_POINT ( 'NONE',  ( 1.320038052975079479, -0.8249999818996331946, 0.1533333333333334325 ) ) ;
#1419 = DIRECTION ( 'NONE',  ( 0.0000000000000000000, -0.0000000000000000000, 1.000000000000000000 ) ) ;
#1420 = VERTEX_POINT ( 'NONE', #1241 ) ;
#1421 = DIRECTION ( 'NONE',  ( 1.000000000000000000, 0.0000000000000000000, 0.0000000000000000000 ) ) ;
#1422 = CARTESIAN_POINT ( 'NONE',  ( 1.320000000000000062, 0.8149999999999999467, 0.06000000000000001166 ) ) ;
#1423 = ORIENTED_EDGE ( 'NONE', *, *, #1040, .T. ) ;
#1424 = ADVANCED_FACE ( 'NONE', ( #2435 ), #658, .T. ) ;
#1425 = AXIS2_PLACEMENT_3D ( 'NONE', #279, #2488, #1879 ) ;
#1426 = VECTOR ( 'NONE', #641, 1000.000000000000000 ) ;
#1427 = DIRECTION ( 'NONE',  ( 0.08682718459129956656, 0.08674879183200501220, 0.9924392611800663122 ) ) ;
#1428 = CIRCLE ( 'NONE', #1946, 0.009999999999999998473 ) ;
#1429 = COLOUR_RGB ( '',0.9764705882352940902, 0.9764705882352940902, 0.9764705882352940902 ) ;
#1430 = VECTOR ( 'NONE', #426, 1000.000000000000000 ) ;
#1431 = CIRCLE ( 'NONE', #1264, 0.02000000000000005246 ) ;
#1432 = DIRECTION ( 'NONE',  ( 0.0000000000000000000, 1.000000000000000000, 0.0000000000000000000 ) ) ;
#1433 = DIRECTION ( 'NONE',  ( -0.0000000000000000000, -1.000000000000000000, -0.0000000000000000000 ) ) ;
#1434 = ORIENTED_EDGE ( 'NONE', *, *, #175, .T. ) ;
#1435 = VECTOR ( 'NONE', #502, 1000.000000000000000 ) ;
#1436 = UNCERTAINTY_MEASURE_WITH_UNIT (LENGTH_MEASURE( 1.000000000000000082E-05 ), #1766, 'distance_accuracy_value', 'NONE');
#1437 = FACE_OUTER_BOUND ( 'NONE', #181, .T. ) ;
#1438 = CYLINDRICAL_SURFACE ( 'NONE', #2544, 0.01000000000000000021 ) ;
#1439 = CYLINDRICAL_SURFACE ( 'NONE', #1952, 0.01000000000000001235 ) ;
#1440 = ADVANCED_FACE ( 'NONE', ( #1055 ), #80, .T. ) ;
#1441 = CARTESIAN_POINT ( 'NONE',  ( -1.350000000000000089, -5.421010862427519705E-17, 0.2000000000000000111 ) ) ;
#1442 = EDGE_CURVE ( 'NONE', #352, #1026, #1556, .T. ) ;
#1443 = ORIENTED_EDGE ( 'NONE', *, *, #1585, .T. ) ;
#1444 = CARTESIAN_POINT ( 'NONE',  ( 1.060000000000000497, 0.4400000000000000022, 0.05000000000000005135 ) ) ;
#1445 = ORIENTED_EDGE ( 'NONE', *, *, #1497, .T. ) ;
#1446 = DIRECTION ( 'NONE',  ( -0.0000000000000000000, 0.0000000000000000000, 1.000000000000000000 ) ) ;
#1447 = ORIENTED_EDGE ( 'NONE', *, *, #2082, .F. ) ;
#1448 = FACE_OUTER_BOUND ( 'NONE', #1033, .T. ) ;
#1449 = DIRECTION ( 'NONE',  ( 1.000000000000000000, -1.626303258728252233E-14, 0.0000000000000000000 ) ) ;
#1450 = SURFACE_STYLE_FILL_AREA ( #469 ) ;
#1451 = LINE ( 'NONE', #263, #1144 ) ;
#1452 = DIRECTION ( 'NONE',  ( 1.000000000000000000, 0.0000000000000000000, 0.0000000000000000000 ) ) ;
#1453 = ORIENTED_EDGE ( 'NONE', *, *, #2260, .T. ) ;
#1454 = ADVANCED_FACE ( 'NONE', ( #935 ), #537, .F. ) ;
#1455 = VECTOR ( 'NONE', #2022, 1000.000000000000000 ) ;
#1456 = VERTEX_POINT ( 'NONE', #942 ) ;
#1457 = LINE ( 'NONE', #699, #688 ) ;
#1458 = VERTEX_POINT ( 'NONE', #910 ) ;
#1459 = MECHANICAL_DESIGN_GEOMETRIC_PRESENTATION_REPRESENTATION (  '', ( #1826 ), #2068 ) ;
#1460 = DIRECTION ( 'NONE',  ( 0.0000000000000000000, 0.0000000000000000000, 1.000000000000000000 ) ) ;
#1461 = DIRECTION ( 'NONE',  ( 0.0000000000000000000, 0.0000000000000000000, -1.000000000000000000 ) ) ;
#1462 = UNCERTAINTY_MEASURE_WITH_UNIT (LENGTH_MEASURE( 1.000000000000000082E-05 ), #869, 'distance_accuracy_value', 'NONE');
#1463 = LINE ( 'NONE', #719, #233 ) ;
#1464 = COLOUR_RGB ( '',0.9764705882352940902, 0.9764705882352940902, 0.9764705882352940902 ) ;
#1465 = LINE ( 'NONE', #904, #1717 ) ;
#1466 = PRESENTATION_LAYER_ASSIGNMENT (  '', '', ( #1836 ) ) ;
#1467 = ORIENTED_EDGE ( 'NONE', *, *, #1901, .T. ) ;
#1468 = COLOUR_RGB ( '',0.9764705882352940902, 0.9764705882352940902, 0.9764705882352940902 ) ;
#1469 = AXIS2_PLACEMENT_3D ( 'NONE', #1111, #708, #908 ) ;
#1470 = DIRECTION ( 'NONE',  ( -1.000000000000000000, 0.0000000000000000000, 0.0000000000000000000 ) ) ;
#1471 = DIRECTION ( 'NONE',  ( 1.000000000000000000, 0.0000000000000000000, -0.0000000000000000000 ) ) ;
#1472 = AXIS2_PLACEMENT_3D ( 'NONE', #1073, #729, #2274 ) ;
#1473 = AXIS2_PLACEMENT_3D ( 'NONE', #1351, #170, #2513 ) ;
#1474 = ORIENTED_EDGE ( 'NONE', *, *, #1238, .F. ) ;
#1475 = AXIS2_PLACEMENT_3D ( 'NONE', #2231, #1887, #2069 ) ;
#1476 = CARTESIAN_POINT ( 'NONE',  ( -1.277963456153790478, 0.7828683374264026051, 0.6815671066678794521 ) ) ;
#1477 = PLANE ( 'NONE',  #1009 ) ;
#1478 = FILL_AREA_STYLE ('',( #316 ) ) ;
#1479 = ADVANCED_FACE ( 'NONE', ( #517 ), #2098, .T. ) ;
#1480 = EDGE_CURVE ( 'NONE', #2072, #792, #2339, .T. ) ;
#1481 = VECTOR ( 'NONE', #48, 1000.000000000000000 ) ;
#1482 = ORIENTED_EDGE ( 'NONE', *, *, #2133, .T. ) ;
#1483 = DIRECTION ( 'NONE',  ( 0.9961946980917454342, -3.614007241618344432E-15, -0.08715574274765894303 ) ) ;
#1484 = FILL_AREA_STYLE ('',( #694 ) ) ;
#1485 =( NAMED_UNIT ( * ) SI_UNIT ( $, .STERADIAN. ) SOLID_ANGLE_UNIT ( ) );
#1486 = FILL_AREA_STYLE ('',( #265 ) ) ;
#1487 = EDGE_LOOP ( 'NONE', ( #871, #586, #690, #983 ) ) ;
#1488 = DIRECTION ( 'NONE',  ( -0.08682659386424761150, 0.08682659386424761150, 0.9924325091389670783 ) ) ;
#1489 = UNCERTAINTY_MEASURE_WITH_UNIT (LENGTH_MEASURE( 1.000000000000000082E-05 ), #101, 'distance_accuracy_value', 'NONE');
#1490 =( NAMED_UNIT ( * ) SI_UNIT ( $, .STERADIAN. ) SOLID_ANGLE_UNIT ( ) );
#1491 = LINE ( 'NONE', #302, #1751 ) ;
#1492 = CYLINDRICAL_SURFACE ( 'NONE', #61, 0.03000000000000007869 ) ;
#1493 = VERTEX_POINT ( 'NONE', #337 ) ;
#1494 = ORIENTED_EDGE ( 'NONE', *, *, #1367, .F. ) ;
#1495 = ADVANCED_FACE ( 'NONE', ( #1122 ), #955, .T. ) ;
#1496 = DIRECTION ( 'NONE',  ( 0.0000000000000000000, 0.0000000000000000000, -1.000000000000000000 ) ) ;
#1497 = EDGE_CURVE ( 'NONE', #2549, #1064, #2314, .T. ) ;
#1498 = DIRECTION ( 'NONE',  ( 0.0000000000000000000, 0.0000000000000000000, 1.000000000000000000 ) ) ;
#1499 = FACE_OUTER_BOUND ( 'NONE', #596, .T. ) ;
#1500 = ORIENTED_EDGE ( 'NONE', *, *, #1777, .F. ) ;
#1501 = LINE ( 'NONE', #2240, #2467 ) ;
#1502 = LINE ( 'NONE', #2448, #685 ) ;
#1503 = EDGE_LOOP ( 'NONE', ( #1010, #261, #1164, #2396 ) ) ;
#1504 = MECHANICAL_DESIGN_GEOMETRIC_PRESENTATION_REPRESENTATION (  '', ( #2023 ), #1036 ) ;
#1505 = ORIENTED_EDGE ( 'NONE', *, *, #131, .F. ) ;
#1506 = CARTESIAN_POINT ( 'NONE',  ( 1.050000000000000044, -0.4400000000000000022, 0.2000000000000000111 ) ) ;
#1507 = DIRECTION ( 'NONE',  ( 0.0000000000000000000, 1.000000000000000000, 0.0000000000000000000 ) ) ;
#1508 = SURFACE_SIDE_STYLE ('',( #325 ) ) ;
#1509 = VECTOR ( 'NONE', #1735, 1000.000000000000000 ) ;
#1510 = DIRECTION ( 'NONE',  ( -0.08682718459149407764, -0.08674879180635261533, 0.9924392611822916432 ) ) ;
#1511 = PRESENTATION_LAYER_ASSIGNMENT (  '', '', ( #1098 ) ) ;
#1512 =( NAMED_UNIT ( * ) PLANE_ANGLE_UNIT ( ) SI_UNIT ( $, .RADIAN. ) );
#1513 = STYLED_ITEM ( 'NONE', ( #54 ), #1113 ) ;
#1514 = EDGE_LOOP ( 'NONE', ( #906, #156, #1976, #1899 ) ) ;
#1515 = ORIENTED_EDGE ( 'NONE', *, *, #2097, .T. ) ;
#1516 = VECTOR ( 'NONE', #1427, 1000.000000000000114 ) ;
#1517 = DIRECTION ( 'NONE',  ( -1.000000000000000000, 0.0000000000000000000, 0.0000000000000000000 ) ) ;
#1518 = CARTESIAN_POINT ( 'NONE',  ( 1.256893567135040080, 0.7618014975023724711, 0.9223485529890590451 ) ) ;
#1519 =( GEOMETRIC_REPRESENTATION_CONTEXT ( 3 ) GLOBAL_UNCERTAINTY_ASSIGNED_CONTEXT ( ( #2019 ) ) GLOBAL_UNIT_ASSIGNED_CONTEXT ( ( #424, #1025, #1978 ) ) REPRESENTATION_CONTEXT ( 'NONE', 'WORKASPACE' ) );
#1520 = CARTESIAN_POINT ( 'NONE',  ( 3.469446951953609850E-15, -0.7318935671350339511, 0.9200000000000000400 ) ) ;
#1521 = SURFACE_STYLE_FILL_AREA ( #1535 ) ;
#1522 = ORIENTED_EDGE ( 'NONE', *, *, #1061, .T. ) ;
#1523 = EDGE_CURVE ( 'NONE', #1861, #97, #2335, .T. ) ;
#1524 = ADVANCED_FACE ( 'NONE', ( #377 ), #1161, .T. ) ;
#1525 = CARTESIAN_POINT ( 'NONE',  ( 1.349999972849435181, 0.7950570255013780230, 0.2000000000000000944 ) ) ;
#1526 = SURFACE_SIDE_STYLE ('',( #556 ) ) ;
#1527 = CARTESIAN_POINT ( 'NONE',  ( -1.050000000000000044, -0.4400000000000000022, 0.1900000000000000022 ) ) ;
#1528 = DIRECTION ( 'NONE',  ( -6.505213034913019031E-14, 0.0000000000000000000, -1.000000000000000000 ) ) ;
#1529 = ORIENTED_EDGE ( 'NONE', *, *, #2272, .T. ) ;
#1530 = ORIENTED_EDGE ( 'NONE', *, *, #1696, .T. ) ;
#1531 = LINE ( 'NONE', #2318, #2164 ) ;
#1532 = PRESENTATION_STYLE_ASSIGNMENT (( #144 ) ) ;
#1533 = FACE_OUTER_BOUND ( 'NONE', #381, .T. ) ;
#1534 = CARTESIAN_POINT ( 'NONE',  ( 1.256893567135039635, -0.7318935671350345062, 0.9200000000000001510 ) ) ;
#1535 = FILL_AREA_STYLE ('',( #755 ) ) ;
#1536 = CARTESIAN_POINT ( 'NONE',  ( -1.050000000000000044, -0.4400000000000000577, 0.2000000000000000111 ) ) ;
#1537 = SURFACE_SIDE_STYLE ('',( #2122 ) ) ;
#1538 = ORIENTED_EDGE ( 'NONE', *, *, #1761, .F. ) ;
#1539 = CARTESIAN_POINT ( 'NONE',  ( -1.340000000000000080, -0.8249999999999999556, 0.05000000000000011380 ) ) ;
#1540 = CARTESIAN_POINT ( 'NONE',  ( 1.256893567135039858, 0.7318935671350332850, 0.9200000000000001510 ) ) ;
#1541 = VERTEX_POINT ( 'NONE', #823 ) ;
#1542 = ORIENTED_EDGE ( 'NONE', *, *, #2195, .F. ) ;
#1543 = UNCERTAINTY_MEASURE_WITH_UNIT (LENGTH_MEASURE( 1.000000000000000082E-05 ), #1591, 'distance_accuracy_value', 'NONE');
#1544 = DIRECTION ( 'NONE',  ( -1.000000000000000000, -0.0000000000000000000, -0.0000000000000000000 ) ) ;
#1545 = CIRCLE ( 'NONE', #468, 0.009999999999999998473 ) ;
#1546 = CARTESIAN_POINT ( 'NONE',  ( 1.350000000000000089, 0.7950000000000001510, 0.06000000000000001166 ) ) ;
#1547 = DIRECTION ( 'NONE',  ( 0.0000000000000000000, 0.0000000000000000000, -1.000000000000000000 ) ) ;
#1548 = DIRECTION ( 'NONE',  ( 0.9961946980917455452, -0.0000000000000000000, 0.08715574274765815199 ) ) ;
#1549 = STYLED_ITEM ( 'NONE', ( #60 ), #684 ) ;
#1550 = CARTESIAN_POINT ( 'NONE',  ( 1.286779408077786346, -0.7318935671350338401, 0.9226146722824342117 ) ) ;
#1551 = EDGE_CURVE ( 'NONE', #540, #813, #1871, .T. ) ;
#1552 = AXIS2_PLACEMENT_3D ( 'NONE', #1176, #2202, #244 ) ;
#1553 =( GEOMETRIC_REPRESENTATION_CONTEXT ( 3 ) GLOBAL_UNCERTAINTY_ASSIGNED_CONTEXT ( ( #1818 ) ) GLOBAL_UNIT_ASSIGNED_CONTEXT ( ( #770, #737, #2322 ) ) REPRESENTATION_CONTEXT ( 'NONE', 'WORKASPACE' ) );
#1554 = VERTEX_POINT ( 'NONE', #809 ) ;
#1555 = ORIENTED_EDGE ( 'NONE', *, *, #2212, .T. ) ;
#1556 =( BOUNDED_CURVE ( )  B_SPLINE_CURVE ( 3, ( #571, #1886, #1359, #2281 ),
 .UNSPECIFIED., .F., .T. ) 
 B_SPLINE_CURVE_WITH_KNOTS ( ( 4, 4 ),
 ( 2.358096545581211068, 3.925088173674978087 ),
 .UNSPECIFIED. ) 
 CURVE ( )  GEOMETRIC_REPRESENTATION_ITEM ( )  RATIONAL_B_SPLINE_CURVE ( ( 1.000000000000000000, 0.8056337766770065301, 0.8056337766770065301, 1.000000000000000000 ) ) 
 REPRESENTATION_ITEM ( '' )  );
#1557 = CIRCLE ( 'NONE', #434, 0.02999999999999986011 ) ;
#1558 = CARTESIAN_POINT ( 'NONE',  ( -1.060000000000000497, -0.4500000000000001221, 0.2000000000000000111 ) ) ;
#1559 = VECTOR ( 'NONE', #798, 1000.000000000000000 ) ;
#1560 = DIRECTION ( 'NONE',  ( 0.0000000000000000000, 0.0000000000000000000, 1.000000000000000000 ) ) ;
#1561 = VECTOR ( 'NONE', #1835, 1000.000000000000000 ) ;
#1562 = CARTESIAN_POINT ( 'NONE',  ( 1.256893567135040080, -0.7318935671350336181, 0.9499999999999998446 ) ) ;
#1563 =( GEOMETRIC_REPRESENTATION_CONTEXT ( 3 ) GLOBAL_UNCERTAINTY_ASSIGNED_CONTEXT ( ( #1849 ) ) GLOBAL_UNIT_ASSIGNED_CONTEXT ( ( #868, #324, #1485 ) ) REPRESENTATION_CONTEXT ( 'NONE', 'WORKASPACE' ) );
#1564 = LINE ( 'NONE', #1536, #52 ) ;
#1565 = DIRECTION ( 'NONE',  ( 0.0000000000000000000, -1.000000000000000000, -0.0000000000000000000 ) ) ;
#1566 =( NAMED_UNIT ( * ) PLANE_ANGLE_UNIT ( ) SI_UNIT ( $, .RADIAN. ) );
#1567 = CARTESIAN_POINT ( 'NONE',  ( 1.060000000000000497, 0.4400000000000000022, 0.2000000000000000111 ) ) ;
#1568 = VERTEX_POINT ( 'NONE', #1985 ) ;
#1569 =( LENGTH_UNIT ( ) NAMED_UNIT ( * ) SI_UNIT ( .MILLI., .METRE. ) );
#1570 = EDGE_CURVE ( 'NONE', #1841, #1382, #1223, .T. ) ;
#1571 = DIRECTION ( 'NONE',  ( 0.0000000000000000000, -1.000000000000000000, 0.0000000000000000000 ) ) ;
#1572 = DIRECTION ( 'NONE',  ( -7.711870336779873096E-16, -7.711870336779968746E-16, 1.000000000000000000 ) ) ;
#1573 = FILL_AREA_STYLE_COLOUR ( '', #993 ) ;
#1574 =( NAMED_UNIT ( * ) SI_UNIT ( $, .STERADIAN. ) SOLID_ANGLE_UNIT ( ) );
#1575 = CARTESIAN_POINT ( 'NONE',  ( -1.314119906793749903, 0.7891199067937509914, 0.2658999446052869864 ) ) ;
#1576 = CIRCLE ( 'NONE', #461, 0.03000000000000018624 ) ;
#1577 = DIRECTION ( 'NONE',  ( 0.0000000000000000000, 0.0000000000000000000, -1.000000000000000000 ) ) ;
#1578 = CARTESIAN_POINT ( 'NONE',  ( -1.350000000000000089, 0.4500000000000001221, 0.2000000000000000111 ) ) ;
#1579 = SPHERICAL_SURFACE ( 'NONE', #880, 0.03000000000000046380 ) ;
#1580 = ORIENTED_EDGE ( 'NONE', *, *, #2476, .T. ) ;
#1581 = DIRECTION ( 'NONE',  ( 0.0000000000000000000, 0.0000000000000000000, -1.000000000000000000 ) ) ;
#1582 = DIRECTION ( 'NONE',  ( 1.000000000000000000, 0.0000000000000000000, 0.0000000000000000000 ) ) ;
#1583 = MECHANICAL_DESIGN_GEOMETRIC_PRESENTATION_REPRESENTATION (  '', ( #307 ), #990 ) ;
#1584 = DIRECTION ( 'NONE',  ( -3.855935168390055863E-16, 3.855935168390031705E-16, 1.000000000000000000 ) ) ;
#1585 = EDGE_CURVE ( 'NONE', #1592, #1373, #1612, .T. ) ;
#1586 = FACE_OUTER_BOUND ( 'NONE', #1116, .T. ) ;
#1587 = PRODUCT ( '7463F586-4D18-4BAB-B954-A944BA34A439', '7463F586-4D18-4BAB-B954-A944BA34A439', '', ( #2373 ) ) ;
#1588 = EDGE_CURVE ( 'NONE', #984, #1592, #1428, .T. ) ;
#1589 = DIRECTION ( 'NONE',  ( 0.9961946980917454342, 0.0000000000000000000, 0.08715574274765894303 ) ) ;
#1590 = CARTESIAN_POINT ( 'NONE',  ( -1.050000000000000044, -0.8249999999999999556, 0.05000000000000011380 ) ) ;
#1591 =( LENGTH_UNIT ( ) NAMED_UNIT ( * ) SI_UNIT ( .MILLI., .METRE. ) );
#1592 = VERTEX_POINT ( 'NONE', #1945 ) ;
#1593 = PRESENTATION_STYLE_ASSIGNMENT (( #1385 ) ) ;
#1594 = CARTESIAN_POINT ( 'NONE',  ( 1.340000000000000080, 0.4500000000000001221, 0.05000000000000011380 ) ) ;
#1595 = COLOUR_RGB ( '',0.9764705882352940902, 0.9764705882352940902, 0.9764705882352940902 ) ;
#1596 =( NAMED_UNIT ( * ) PLANE_ANGLE_UNIT ( ) SI_UNIT ( $, .RADIAN. ) );
#1597 = AXIS2_PLACEMENT_3D ( 'NONE', #2135, #374, #171 ) ;
#1598 = VECTOR ( 'NONE', #1858, 1000.000000000000000 ) ;
#1599 = VECTOR ( 'NONE', #864, 1000.000000000000000 ) ;
#1600 = ORIENTED_EDGE ( 'NONE', *, *, #652, .F. ) ;
#1601 = ADVANCED_FACE ( 'NONE', ( #620 ), #25, .T. ) ;
#1602 = ADVANCED_BREP_SHAPE_REPRESENTATION ( '7463F586-4D18-4BAB-B954-A944BA34A439', ( #1815, #2553 ), #445 ) ;
#1603 = DIRECTION ( 'NONE',  ( 0.0000000000000000000, -1.000000000000000000, 0.0000000000000000000 ) ) ;
#1604 = LINE ( 'NONE', #230, #1481 ) ;
#1605 = SURFACE_SIDE_STYLE ('',( #1974 ) ) ;
#1606 = VERTEX_POINT ( 'NONE', #1812 ) ;
#1607 = DIRECTION ( 'NONE',  ( 0.0000000000000000000, 0.0000000000000000000, 1.000000000000000000 ) ) ;
#1608 = CYLINDRICAL_SURFACE ( 'NONE', #1310, 0.01000000000000000021 ) ;
#1609 = LINE ( 'NONE', #624, #948 ) ;
#1610 =( NAMED_UNIT ( * ) PLANE_ANGLE_UNIT ( ) SI_UNIT ( $, .RADIAN. ) );
#1611 = ORIENTED_EDGE ( 'NONE', *, *, #501, .T. ) ;
#1612 = LINE ( 'NONE', #609, #1097 ) ;
#1613 = CARTESIAN_POINT ( 'NONE',  ( 1.320057079367181530, -0.8249999728495822637, 0.2000000011649049614 ) ) ;
#1614 = CARTESIAN_POINT ( 'NONE',  ( 1.050000000000000044, 0.4500000000000001221, 0.2000000000000000111 ) ) ;
#1615 = ADVANCED_FACE ( 'NONE', ( #1417 ), #200, .T. ) ;
#1616 = ADVANCED_FACE ( 'NONE', ( #451 ), #1032, .T. ) ;
#1617 = ORIENTED_EDGE ( 'NONE', *, *, #622, .F. ) ;
#1618 =( BOUNDED_CURVE ( )  B_SPLINE_CURVE ( 3, ( #2094, #907, #152, #1525 ),
 .UNSPECIFIED., .F., .T. ) 
 B_SPLINE_CURVE_WITH_KNOTS ( ( 4, 4 ),
 ( 3.923192718714011207, 3.925089967492046750 ),
 .UNSPECIFIED. ) 
 CURVE ( )  GEOMETRIC_REPRESENTATION_ITEM ( )  RATIONAL_B_SPLINE_CURVE ( ( 1.000000000000000000, 0.9999997000372786715, 0.9999997000372786715, 1.000000000000000000 ) ) 
 REPRESENTATION_ITEM ( '' )  );
#1619 = SURFACE_STYLE_FILL_AREA ( #4 ) ;
#1620 = EDGE_CURVE ( 'NONE', #352, #1202, #1781, .T. ) ;
#1621 =( NAMED_UNIT ( * ) SI_UNIT ( $, .STERADIAN. ) SOLID_ANGLE_UNIT ( ) );
#1622 = FACE_OUTER_BOUND ( 'NONE', #192, .T. ) ;
#1623 = ORIENTED_EDGE ( 'NONE', *, *, #959, .F. ) ;
#1624 = CARTESIAN_POINT ( 'NONE',  ( 1.060000000000000497, -0.4400000000000000022, 0.05000000000000005135 ) ) ;
#1625 = ORIENTED_EDGE ( 'NONE', *, *, #1403, .T. ) ;
#1626 = DIRECTION ( 'NONE',  ( 1.000000000000000000, -0.0000000000000000000, 0.0000000000000000000 ) ) ;
#1627 = CARTESIAN_POINT ( 'NONE',  ( -1.792843646522044310, -0.4435781767389778696, 0.1935781767389778696 ) ) ;
#1628 = ORIENTED_EDGE ( 'NONE', *, *, #2029, .T. ) ;
#1629 = PRESENTATION_LAYER_ASSIGNMENT (  '', '', ( #1707 ) ) ;
#1630 = DIRECTION ( 'NONE',  ( -0.0000000000000000000, 1.000000000000000000, 0.0000000000000000000 ) ) ;
#1631 = ADVANCED_FACE ( 'NONE', ( #1247 ), #1312, .F. ) ;
#1632 = CIRCLE ( 'NONE', #1795, 0.02999999999999997113 ) ;
#1633 = ORIENTED_EDGE ( 'NONE', *, *, #1074, .T. ) ;
#1634 = B_SPLINE_CURVE_WITH_KNOTS ( 'NONE', 3,
 ( #289, #1476, #2269, #872 ),
 .UNSPECIFIED., .F., .F.,
 ( 4, 4 ),
 ( 0.0003653591072570870515, 1.000000000000000000 ),
 .UNSPECIFIED. ) ;
#1635 = FILL_AREA_STYLE ('',( #2015 ) ) ;
#1636 = DIRECTION ( 'NONE',  ( 1.000000000000000000, 0.0000000000000000000, 0.0000000000000000000 ) ) ;
#1637 = PLANE ( 'NONE',  #146 ) ;
#1638 = EDGE_LOOP ( 'NONE', ( #762, #254, #670, #2309, #633 ) ) ;
#1639 = AXIS2_PLACEMENT_3D ( 'NONE', #1284, #1255, #529 ) ;
#1640 = CARTESIAN_POINT ( 'NONE',  ( -1.060000000000000497, 0.4400000000000000022, 0.05000000000000005135 ) ) ;
#1641 = FACE_OUTER_BOUND ( 'NONE', #1872, .T. ) ;
#1642 = DIRECTION ( 'NONE',  ( -1.000000000000000000, 0.0000000000000000000, 0.0000000000000000000 ) ) ;
#1643 = ADVANCED_FACE ( 'NONE', ( #473 ), #2042, .T. ) ;
#1644 = EDGE_CURVE ( 'NONE', #1382, #2205, #1891, .T. ) ;
#1645 = SURFACE_STYLE_USAGE ( .BOTH. , #2276 ) ;
#1646 =( NAMED_UNIT ( * ) PLANE_ANGLE_UNIT ( ) SI_UNIT ( $, .RADIAN. ) );
#1647 = ORIENTED_EDGE ( 'NONE', *, *, #2212, .F. ) ;
#1648 = LINE ( 'NONE', #133, #1913 ) ;
#1649 = DIRECTION ( 'NONE',  ( 0.9961946980917454342, 0.0000000000000000000, 0.08715574274765894303 ) ) ;
#1650 =( NAMED_UNIT ( * ) SI_UNIT ( $, .STERADIAN. ) SOLID_ANGLE_UNIT ( ) );
#1651 = VERTEX_POINT ( 'NONE', #2218 ) ;
#1652 =( LENGTH_UNIT ( ) NAMED_UNIT ( * ) SI_UNIT ( .MILLI., .METRE. ) );
#1653 = CARTESIAN_POINT ( 'NONE',  ( 1.340000000000000080, 0.4500000000000001221, 0.06000000000000001166 ) ) ;
#1654 = CARTESIAN_POINT ( 'NONE',  ( 1.349999783617004789, 0.7951139426742473981, 0.2000024732690047768 ) ) ;
#1655 = ORIENTED_EDGE ( 'NONE', *, *, #2531, .T. ) ;
#1656 = PLANE ( 'NONE',  #680 ) ;
#1657 = FACE_OUTER_BOUND ( 'NONE', #1087, .T. ) ;
#1658 = EDGE_CURVE ( 'NONE', #2230, #243, #2123, .T. ) ;
#1659 = ORIENTED_EDGE ( 'NONE', *, *, #1934, .T. ) ;
#1660 = VECTOR ( 'NONE', #1510, 1000.000000000000114 ) ;
#1661 = EDGE_CURVE ( 'NONE', #1227, #1865, #1648, .T. ) ;
#1662 = ADVANCED_FACE ( 'NONE', ( #334 ), #1705, .F. ) ;
#1663 = AXIS2_PLACEMENT_3D ( 'NONE', #1221, #1414, #185 ) ;
#1664 = ORIENTED_EDGE ( 'NONE', *, *, #2165, .F. ) ;
#1665 = ORIENTED_EDGE ( 'NONE', *, *, #1141, .T. ) ;
#1666 = MECHANICAL_DESIGN_GEOMETRIC_PRESENTATION_REPRESENTATION (  '', ( #2413 ), #1898 ) ;
#1667 = DIRECTION ( 'NONE',  ( 1.314145683813641485E-14, -1.000000000000000000, 1.445602896647321680E-14 ) ) ;
#1668 = DIRECTION ( 'NONE',  ( -1.000000000000000000, 0.0000000000000000000, 0.0000000000000000000 ) ) ;
#1669 = DIRECTION ( 'NONE',  ( -1.000000000000000000, 0.0000000000000000000, 0.0000000000000000000 ) ) ;
#1670 = ORIENTED_EDGE ( 'NONE', *, *, #2531, .F. ) ;
#1671 = DIRECTION ( 'NONE',  ( 1.000000000000000000, -0.0000000000000000000, -0.0000000000000000000 ) ) ;
#1672 = CIRCLE ( 'NONE', #923, 0.02000000000000005246 ) ;
#1673 = FACE_OUTER_BOUND ( 'NONE', #1259, .T. ) ;
#1674 = VECTOR ( 'NONE', #1939, 1000.000000000000000 ) ;
#1675 = VERTEX_POINT ( 'NONE', #1943 ) ;
#1676 = AXIS2_PLACEMENT_3D ( 'NONE', #681, #346, #1470 ) ;
#1677 = ORIENTED_EDGE ( 'NONE', *, *, #704, .T. ) ;
#1678 = VECTOR ( 'NONE', #1704, 1000.000000000000000 ) ;
#1679 = VECTOR ( 'NONE', #2395, 1000.000000000000000 ) ;
#1680 =( LENGTH_UNIT ( ) NAMED_UNIT ( * ) SI_UNIT ( .MILLI., .METRE. ) );
#1681 = LINE ( 'NONE', #888, #675 ) ;
#1682 = ORIENTED_EDGE ( 'NONE', *, *, #2266, .T. ) ;
#1683 =( GEOMETRIC_REPRESENTATION_CONTEXT ( 3 ) GLOBAL_UNCERTAINTY_ASSIGNED_CONTEXT ( ( #1910 ) ) GLOBAL_UNIT_ASSIGNED_CONTEXT ( ( #1793, #1029, #841 ) ) REPRESENTATION_CONTEXT ( 'NONE', 'WORKASPACE' ) );
#1684 = ORIENTED_EDGE ( 'NONE', *, *, #667, .F. ) ;
#1685 = CYLINDRICAL_SURFACE ( 'NONE', #1299, 0.03000000000000007869 ) ;
#1686 = LINE ( 'NONE', #1506, #2041 ) ;
#1687 = FILL_AREA_STYLE ('',( #1075 ) ) ;
#1688 = VERTEX_POINT ( 'NONE', #1562 ) ;
#1689 = ORIENTED_EDGE ( 'NONE', *, *, #1744, .T. ) ;
#1690 = UNCERTAINTY_MEASURE_WITH_UNIT (LENGTH_MEASURE( 1.000000000000000082E-05 ), #344, 'distance_accuracy_value', 'NONE');
#1691 = CARTESIAN_POINT ( 'NONE',  ( -1.000002793905779841, -0.7318935671350341732, 0.9510000000000001785 ) ) ;
#1692 = ORIENTED_EDGE ( 'NONE', *, *, #2397, .T. ) ;
#1693 = EDGE_LOOP ( 'NONE', ( #1529, #1290, #2045 ) ) ;
#1694 = DIRECTION ( 'NONE',  ( 1.000000000000000000, 0.0000000000000000000, 0.0000000000000000000 ) ) ;
#1695 = LINE ( 'NONE', #867, #2299 ) ;
#1696 = EDGE_CURVE ( 'NONE', #1006, #2549, #197, .T. ) ;
#1697 = FACE_OUTER_BOUND ( 'NONE', #312, .T. ) ;
#1698 = ORIENTED_EDGE ( 'NONE', *, *, #255, .T. ) ;
#1699 = AXIS2_PLACEMENT_3D ( 'NONE', #1356, #1935, #364 ) ;
#1700 = DIRECTION ( 'NONE',  ( 0.08682718459149409151, -0.08674879180635264309, -0.9924392611822915322 ) ) ;
#1701 = VERTEX_POINT ( 'NONE', #1352 ) ;
#1702 = SURFACE_STYLE_USAGE ( .BOTH. , #574 ) ;
#1703 = CIRCLE ( 'NONE', #951, 0.02999999999999997113 ) ;
#1704 = DIRECTION ( 'NONE',  ( 0.0000000000000000000, -0.0000000000000000000, 1.000000000000000000 ) ) ;
#1705 = PLANE ( 'NONE',  #607 ) ;
#1706 = ORIENTED_EDGE ( 'NONE', *, *, #512, .F. ) ;
#1707 = STYLED_ITEM ( 'NONE', ( #774 ), #1280 ) ;
#1708 =( NAMED_UNIT ( * ) SI_UNIT ( $, .STERADIAN. ) SOLID_ANGLE_UNIT ( ) );
#1709 = CARTESIAN_POINT ( 'NONE',  ( 1.800000000000000488, -0.4500000000000001221, 0.009999999999999998473 ) ) ;
#1710 = MECHANICAL_DESIGN_GEOMETRIC_PRESENTATION_REPRESENTATION (  '', ( #1347 ), #567 ) ;
#1711 = CARTESIAN_POINT ( 'NONE',  ( 1.337551309501580965, -0.8249666603789123087, 0.2007609186279560864 ) ) ;
#1712 = STYLED_ITEM ( 'NONE', ( #2227 ), #1662 ) ;
#1713 = ORIENTED_EDGE ( 'NONE', *, *, #2530, .F. ) ;
#1714 = ORIENTED_EDGE ( 'NONE', *, *, #131, .T. ) ;
#1715 = CIRCLE ( 'NONE', #1918, 0.02999999999999997113 ) ;
#1716 = DIRECTION ( 'NONE',  ( -1.000000000000000000, -0.0000000000000000000, -0.0000000000000000000 ) ) ;
#1717 = VECTOR ( 'NONE', #1452, 1000.000000000000000 ) ;
#1718 = CARTESIAN_POINT ( 'NONE',  ( 1.350000000000000089, -0.4400000000000000022, 0.1900000000000000022 ) ) ;
#1719 = EDGE_CURVE ( 'NONE', #521, #540, #552, .T. ) ;
#1720 = PLANE ( 'NONE',  #754 ) ;
#1721 = CARTESIAN_POINT ( 'NONE',  ( 1.320000000000000062, 0.7949999999999997069, 0.06000000000000038636 ) ) ;
#1722 = FILL_AREA_STYLE ('',( #2124 ) ) ;
#1723 = ORIENTED_EDGE ( 'NONE', *, *, #2272, .F. ) ;
#1724 = DIRECTION ( 'NONE',  ( -1.000000000000000000, 0.0000000000000000000, 0.0000000000000000000 ) ) ;
#1725 = CARTESIAN_POINT ( 'NONE',  ( -1.350000000000000089, 0.4500000000000001221, 0.05000000000000011380 ) ) ;
#1726 = DIRECTION ( 'NONE',  ( 0.0000000000000000000, -0.07828509963529102500, 0.9969310122446248812 ) ) ;
#1727 = ADVANCED_FACE ( 'NONE', ( #2555 ), #599, .F. ) ;
#1728 = CLOSED_SHELL ( 'NONE', ( #900, #931, #19, #17, #388, #1155, #2346, #1479, #1280, #746, #1160, #449, #1662, #1601, #1094, #1797, #804, #788, #635, #557, #115, #514, #684, #1967, #1643, #1004, #1194, #127, #2275, #387, #837, #2181, #2505, #1364, #1113, #2115, #546, #1424, #161, #2197, #2051, #309, #802, #941, #338, #1524, #686, #85, #1156, #1000, #2546, #1350, #499, #856, #245, #2114, #1615, #1495, #1402, #2242, #1616, #1440, #1763, #1018, #2160, #448, #295, #592, #1377, #483, #160, #1631, #2213, #99, #2228, #209, #1454, #1727, #310, #2361 ) ) ;
#1729 = LINE ( 'NONE', #1340, #1302 ) ;
#1730 = EDGE_CURVE ( 'NONE', #1202, #79, #1557, .T. ) ;
#1731 = DIRECTION ( 'NONE',  ( -7.711870336779873096E-16, -7.711870336779968746E-16, 1.000000000000000000 ) ) ;
#1732 = CARTESIAN_POINT ( 'NONE',  ( 1.349999783617002125, -0.7951139426742508398, 0.2000024732689760498 ) ) ;
#1733 = ORIENTED_EDGE ( 'NONE', *, *, #373, .F. ) ;
#1734 = ORIENTED_EDGE ( 'NONE', *, *, #575, .F. ) ;
#1735 = DIRECTION ( 'NONE',  ( -0.0000000000000000000, 0.0000000000000000000, -1.000000000000000000 ) ) ;
#1736 = DIRECTION ( 'NONE',  ( -0.08682659386424761150, -0.08682659386424761150, 0.9924325091389670783 ) ) ;
#1737 = CARTESIAN_POINT ( 'NONE',  ( -1.350000000000000089, -0.8249999999999999556, 0.05000000000000011380 ) ) ;
#1738 = PRESENTATION_STYLE_ASSIGNMENT (( #534 ) ) ;
#1739 = FILL_AREA_STYLE_COLOUR ( '', #2503 ) ;
#1740 = VECTOR ( 'NONE', #420, 1000.000000000000000 ) ;
#1741 = CARTESIAN_POINT ( 'NONE',  ( -1.340000000000000080, 0.8249999999999999556, 0.06000000000000001166 ) ) ;
#1742 =( GEOMETRIC_REPRESENTATION_CONTEXT ( 3 ) GLOBAL_UNCERTAINTY_ASSIGNED_CONTEXT ( ( #909 ) ) GLOBAL_UNIT_ASSIGNED_CONTEXT ( ( #1652, #455, #1490 ) ) REPRESENTATION_CONTEXT ( 'NONE', 'WORKASPACE' ) );
#1743 = ORIENTED_EDGE ( 'NONE', *, *, #1934, .F. ) ;
#1744 = EDGE_CURVE ( 'NONE', #1026, #143, #1043, .T. ) ;
#1745 = ORIENTED_EDGE ( 'NONE', *, *, #2328, .F. ) ;
#1746 = CIRCLE ( 'NONE', #1597, 0.03000000000000003011 ) ;
#1747 = CARTESIAN_POINT ( 'NONE',  ( -1.286779408077786568, 0.7318935671350124128, 0.9226146722824304369 ) ) ;
#1748 = AXIS2_PLACEMENT_3D ( 'NONE', #1088, #1104, #1483 ) ;
#1749 = CIRCLE ( 'NONE', #1794, 0.01000000000000002623 ) ;
#1750 = CYLINDRICAL_SURFACE ( 'NONE', #1140, 0.03000000000000003011 ) ;
#1751 = VECTOR ( 'NONE', #886, 1000.000000000000000 ) ;
#1752 = FILL_AREA_STYLE_COLOUR ( '', #2216 ) ;
#1753 = PRESENTATION_STYLE_ASSIGNMENT (( #1243 ) ) ;
#1754 = CIRCLE ( 'NONE', #736, 0.02999999999999964501 ) ;
#1755 = CARTESIAN_POINT ( 'NONE',  ( -1.350000000000000089, 0.4500000000000001221, 0.2000000000000000111 ) ) ;
#1756 = FACE_OUTER_BOUND ( 'NONE', #924, .T. ) ;
#1757 = ORIENTED_EDGE ( 'NONE', *, *, #666, .T. ) ;
#1758 = EDGE_LOOP ( 'NONE', ( #1035, #889, #555, #996, #1784, #2226 ) ) ;
#1759 = FACE_OUTER_BOUND ( 'NONE', #665, .T. ) ;
#1760 = DIRECTION ( 'NONE',  ( 0.0000000000000000000, 0.0000000000000000000, 1.000000000000000000 ) ) ;
#1761 = EDGE_CURVE ( 'NONE', #2294, #1227, #2466, .T. ) ;
#1762 = CARTESIAN_POINT ( 'NONE',  ( 1.349933338756099444, 0.8126081033365029072, 0.2007619415044027966 ) ) ;
#1763 = ADVANCED_FACE ( 'NONE', ( #1764 ), #2320, .T. ) ;
#1764 = FACE_OUTER_BOUND ( 'NONE', #1165, .T. ) ;
#1765 = SURFACE_SIDE_STYLE ('',( #648 ) ) ;
#1766 =( LENGTH_UNIT ( ) NAMED_UNIT ( * ) SI_UNIT ( .MILLI., .METRE. ) );
#1767 = DIRECTION ( 'NONE',  ( -0.0000000000000000000, -0.0000000000000000000, -1.000000000000000000 ) ) ;
#1768 = FACE_OUTER_BOUND ( 'NONE', #654, .T. ) ;
#1769 = ORIENTED_EDGE ( 'NONE', *, *, #704, .F. ) ;
#1770 = EDGE_LOOP ( 'NONE', ( #2254, #1308, #50, #1245 ) ) ;
#1771 = DIRECTION ( 'NONE',  ( -1.000000000000000000, 0.0000000000000000000, 0.0000000000000000000 ) ) ;
#1772 = PRESENTATION_STYLE_ASSIGNMENT (( #206 ) ) ;
#1773 = PLANE ( 'NONE',  #608 ) ;
#1774 = VECTOR ( 'NONE', #2441, 1000.000000000000000 ) ;
#1775 = CARTESIAN_POINT ( 'NONE',  ( 1.256893567135041190, 0.7617794080777865462, 0.9226146722824298818 ) ) ;
#1776 = EDGE_CURVE ( 'NONE', #1651, #1833, #2333, .T. ) ;
#1777 = EDGE_CURVE ( 'NONE', #1202, #619, #1746, .T. ) ;
#1778 = SURFACE_STYLE_FILL_AREA ( #991 ) ;
#1779 = FACE_OUTER_BOUND ( 'NONE', #91, .T. ) ;
#1780 = ORIENTED_EDGE ( 'NONE', *, *, #1127, .T. ) ;
#1781 = B_SPLINE_CURVE_WITH_KNOTS ( 'NONE', 3,
 ( #1129, #58, #917, #1904 ),
 .UNSPECIFIED., .F., .F.,
 ( 4, 4 ),
 ( 0.0000000000000000000, 1.000000000000000000 ),
 .UNSPECIFIED. ) ;
#1782 = DIRECTION ( 'NONE',  ( 0.0000000000000000000, 0.0000000000000000000, -1.000000000000000000 ) ) ;
#1783 = LINE ( 'NONE', #2007, #637 ) ;
#1784 = ORIENTED_EDGE ( 'NONE', *, *, #2293, .T. ) ;
#1785 = ORIENTED_EDGE ( 'NONE', *, *, #1588, .F. ) ;
#1786 = FILL_AREA_STYLE_COLOUR ( '', #224 ) ;
#1787 = CARTESIAN_POINT ( 'NONE',  ( -1.790000000000000036, 0.4500000000000001221, 0.01000000000000000021 ) ) ;
#1788 = MECHANICAL_DESIGN_GEOMETRIC_PRESENTATION_REPRESENTATION (  '', ( #476 ), #2120 ) ;
#1789 = AXIS2_PLACEMENT_3D ( 'NONE', #1614, #1212, #1419 ) ;
#1790 =( GEOMETRIC_REPRESENTATION_CONTEXT ( 3 ) GLOBAL_UNCERTAINTY_ASSIGNED_CONTEXT ( ( #1436 ) ) GLOBAL_UNIT_ASSIGNED_CONTEXT ( ( #1766, #1260, #256 ) ) REPRESENTATION_CONTEXT ( 'NONE', 'WORKASPACE' ) );
#1791 = SURFACE_STYLE_USAGE ( .BOTH. , #1807 ) ;
#1792 = FACE_OUTER_BOUND ( 'NONE', #1487, .T. ) ;
#1793 =( LENGTH_UNIT ( ) NAMED_UNIT ( * ) SI_UNIT ( .MILLI., .METRE. ) );
#1794 = AXIS2_PLACEMENT_3D ( 'NONE', #1105, #1062, #306 ) ;
#1795 = AXIS2_PLACEMENT_3D ( 'NONE', #1834, #1822, #786 ) ;
#1796 = PRESENTATION_LAYER_ASSIGNMENT (  '', '', ( #1225 ) ) ;
#1797 = ADVANCED_FACE ( 'NONE', ( #1792 ), #1439, .T. ) ;
#1798 = EDGE_CURVE ( 'NONE', #1064, #2067, #1217, .T. ) ;
#1799 = VECTOR ( 'NONE', #577, 1000.000000000000000 ) ;
#1800 = EDGE_LOOP ( 'NONE', ( #27, #1017 ) ) ;
#1801 = CARTESIAN_POINT ( 'NONE',  ( 1.800000000000000488, 0.4500000000000001221, 0.1900000000000000022 ) ) ;
#1802 = FILL_AREA_STYLE ('',( #994 ) ) ;
#1803 = EDGE_CURVE ( 'NONE', #1254, #638, #2139, .T. ) ;
#1804 = EDGE_LOOP ( 'NONE', ( #2008, #1482, #2026, #167 ) ) ;
#1805 = DIRECTION ( 'NONE',  ( 7.711870336779873096E-16, 7.711870336779968746E-16, -1.000000000000000000 ) ) ;
#1806 = FILL_AREA_STYLE ('',( #1242 ) ) ;
#1807 = SURFACE_SIDE_STYLE ('',( #208 ) ) ;
#1808 = PRODUCT_DEFINITION_SHAPE ( 'NONE', 'NONE',  #22 ) ;
#1809 =( LENGTH_UNIT ( ) NAMED_UNIT ( * ) SI_UNIT ( .MILLI., .METRE. ) );
#1810 = SURFACE_SIDE_STYLE ('',( #1778 ) ) ;
#1811 = ORIENTED_EDGE ( 'NONE', *, *, #1054, .F. ) ;
#1812 = CARTESIAN_POINT ( 'NONE',  ( -1.050000000000000044, -0.4400000000000000577, 0.05000000000000007910 ) ) ;
#1813 = CARTESIAN_POINT ( 'NONE',  ( 1.060000000000000497, -0.4500000000000000666, 0.2000000000000000111 ) ) ;
#1814 = CARTESIAN_POINT ( 'NONE',  ( 1.349999999793764394, -5.421010862427519705E-17, 0.2000000023572853225 ) ) ;
#1815 = MANIFOLD_SOLID_BREP ( '1', #1728 ) ;
#1816 = ORIENTED_EDGE ( 'NONE', *, *, #1171, .F. ) ;
#1817 = EDGE_CURVE ( 'NONE', #97, #1493, #2188, .T. ) ;
#1818 = UNCERTAINTY_MEASURE_WITH_UNIT (LENGTH_MEASURE( 1.000000000000000082E-05 ), #770, 'distance_accuracy_value', 'NONE');
#1819 = CARTESIAN_POINT ( 'NONE',  ( -1.349999972849483365, -0.7950570254760811473, 0.2000000011671281552 ) ) ;
#1820 =( NAMED_UNIT ( * ) PLANE_ANGLE_UNIT ( ) SI_UNIT ( $, .RADIAN. ) );
#1821 = ORIENTED_EDGE ( 'NONE', *, *, #1283, .F. ) ;
#1822 = DIRECTION ( 'NONE',  ( 1.000000000000000000, -0.0000000000000000000, -0.0000000000000000000 ) ) ;
#1823 = CARTESIAN_POINT ( 'NONE',  ( 1.350000000000000089, 0.8249999999999999556, 0.06000000000000001166 ) ) ;
#1824 = DIRECTION ( 'NONE',  ( 0.0000000000000000000, 0.0000000000000000000, 1.000000000000000000 ) ) ;
#1825 = VERTEX_POINT ( 'NONE', #460 ) ;
#1826 = STYLED_ITEM ( 'NONE', ( #1753 ), #499 ) ;
#1827 = VERTEX_POINT ( 'NONE', #2199 ) ;
#1828 = SURFACE_SIDE_STYLE ('',( #231 ) ) ;
#1829 = ORIENTED_EDGE ( 'NONE', *, *, #446, .T. ) ;
#1830 = SURFACE_STYLE_USAGE ( .BOTH. , #507 ) ;
#1831 = EDGE_CURVE ( 'NONE', #1319, #1052, #1431, .T. ) ;
#1832 = EDGE_CURVE ( 'NONE', #638, #2040, #210, .T. ) ;
#1833 = VERTEX_POINT ( 'NONE', #1028 ) ;
#1834 = CARTESIAN_POINT ( 'NONE',  ( -1.256893567135030088, -0.7318935671350339511, 0.9200000000000000400 ) ) ;
#1835 = DIRECTION ( 'NONE',  ( 1.000000000000000000, -0.0000000000000000000, -0.0000000000000000000 ) ) ;
#1836 = STYLED_ITEM ( 'NONE', ( #2140 ), #1495 ) ;
#1837 = MECHANICAL_DESIGN_GEOMETRIC_PRESENTATION_REPRESENTATION (  '', ( #1098 ), #603 ) ;
#1838 =( GEOMETRIC_REPRESENTATION_CONTEXT ( 3 ) GLOBAL_UNCERTAINTY_ASSIGNED_CONTEXT ( ( #2185 ) ) GLOBAL_UNIT_ASSIGNED_CONTEXT ( ( #1809, #1596, #1621 ) ) REPRESENTATION_CONTEXT ( 'NONE', 'WORKASPACE' ) );
#1839 = STYLED_ITEM ( 'NONE', ( #2348 ), #941 ) ;
#1840 = FILL_AREA_STYLE ('',( #1045 ) ) ;
#1841 = VERTEX_POINT ( 'NONE', #1244 ) ;
#1842 = ORIENTED_EDGE ( 'NONE', *, *, #1644, .T. ) ;
#1843 = MECHANICAL_DESIGN_GEOMETRIC_PRESENTATION_REPRESENTATION (  '', ( #71 ), #193 ) ;
#1844 = ORIENTED_EDGE ( 'NONE', *, *, #1403, .F. ) ;
#1845 =( GEOMETRIC_REPRESENTATION_CONTEXT ( 3 ) GLOBAL_UNCERTAINTY_ASSIGNED_CONTEXT ( ( #1358 ) ) GLOBAL_UNIT_ASSIGNED_CONTEXT ( ( #2450, #1044, #296 ) ) REPRESENTATION_CONTEXT ( 'NONE', 'WORKASPACE' ) );
#1846 = ORIENTED_EDGE ( 'NONE', *, *, #147, .F. ) ;
#1847 = DIRECTION ( 'NONE',  ( 0.0000000000000000000, 1.000000000000000000, 0.0000000000000000000 ) ) ;
#1848 = EDGE_CURVE ( 'NONE', #143, #2129, #1231, .T. ) ;
#1849 = UNCERTAINTY_MEASURE_WITH_UNIT (LENGTH_MEASURE( 1.000000000000000082E-05 ), #868, 'distance_accuracy_value', 'NONE');
#1850 = FILL_AREA_STYLE ('',( #2077 ) ) ;
#1851 = ORIENTED_EDGE ( 'NONE', *, *, #2455, .F. ) ;
#1852 = DIRECTION ( 'NONE',  ( -1.000000000000000000, 0.0000000000000000000, -0.0000000000000000000 ) ) ;
#1853 = ORIENTED_EDGE ( 'NONE', *, *, #1924, .T. ) ;
#1854 = DIRECTION ( 'NONE',  ( 3.855935168390055863E-16, -3.855935168390031705E-16, -1.000000000000000000 ) ) ;
#1855 = ORIENTED_EDGE ( 'NONE', *, *, #1112, .F. ) ;
#1856 = LINE ( 'NONE', #1877, #2130 ) ;
#1857 = DIRECTION ( 'NONE',  ( 0.0000000000000000000, 0.0000000000000000000, 1.000000000000000000 ) ) ;
#1858 = DIRECTION ( 'NONE',  ( -1.000000000000000000, -0.0000000000000000000, -0.0000000000000000000 ) ) ;
#1859 = CARTESIAN_POINT ( 'NONE',  ( 1.050000000000000044, -0.4400000000000000022, 0.0000000000000000000 ) ) ;
#1860 = EDGE_CURVE ( 'NONE', #180, #2221, #1451, .T. ) ;
#1861 = VERTEX_POINT ( 'NONE', #2235 ) ;
#1862 = DIRECTION ( 'NONE',  ( 0.0000000000000000000, 1.000000000000000000, 0.0000000000000000000 ) ) ;
#1863 = DIRECTION ( 'NONE',  ( 0.0000000000000000000, 1.000000000000000000, 0.0000000000000000000 ) ) ;
#1864 = VERTEX_POINT ( 'NONE', #989 ) ;
#1865 = VERTEX_POINT ( 'NONE', #221 ) ;
#1866 = PLANE ( 'NONE',  #1425 ) ;
#1867 = DIRECTION ( 'NONE',  ( 0.0000000000000000000, 0.0000000000000000000, 1.000000000000000000 ) ) ;
#1868 = VECTOR ( 'NONE', #2061, 1000.000000000000000 ) ;
#1869 = PRESENTATION_STYLE_ASSIGNMENT (( #1107 ) ) ;
#1870 = SURFACE_STYLE_FILL_AREA ( #1486 ) ;
#1871 = CIRCLE ( 'NONE', #2541, 0.02999999999999997113 ) ;
#1872 = EDGE_LOOP ( 'NONE', ( #1698, #1191, #1617, #1078 ) ) ;
#1873 = AXIS2_PLACEMENT_3D ( 'NONE', #1336, #1143, #1547 ) ;
#1874 = PRESENTATION_LAYER_ASSIGNMENT (  '', '', ( #401 ) ) ;
#1875 = AXIS2_PLACEMENT_3D ( 'NONE', #1902, #1181, #1760 ) ;
#1876 = DIRECTION ( 'NONE',  ( 0.0000000000000000000, 0.0000000000000000000, -1.000000000000000000 ) ) ;
#1877 = CARTESIAN_POINT ( 'NONE',  ( -1.790000000000000036, -0.4500000000000001221, 0.2000000000000000111 ) ) ;
#1878 = ORIENTED_EDGE ( 'NONE', *, *, #836, .F. ) ;
#1879 = DIRECTION ( 'NONE',  ( 0.0000000000000000000, -0.08715574274765815199, -0.9961946980917455452 ) ) ;
#1880 = LINE ( 'NONE', #83, #1678 ) ;
#1881 = EDGE_LOOP ( 'NONE', ( #1423, #2498, #840, #1853 ) ) ;
#1882 = SURFACE_SIDE_STYLE ('',( #1300 ) ) ;
#1883 = CYLINDRICAL_SURFACE ( 'NONE', #1390, 0.01000000000000002623 ) ;
#1884 = EDGE_CURVE ( 'NONE', #1959, #2112, #471, .T. ) ;
#1885 = UNCERTAINTY_MEASURE_WITH_UNIT (LENGTH_MEASURE( 1.000000000000000082E-05 ), #2483, 'distance_accuracy_value', 'NONE');
#1886 = CARTESIAN_POINT ( 'NONE',  ( -1.349966620554921226, 0.8125776542876771424, 0.2007620649504793797 ) ) ;
#1887 = DIRECTION ( 'NONE',  ( 0.0000000000000000000, 1.000000000000000000, 0.0000000000000000000 ) ) ;
#1888 = DIRECTION ( 'NONE',  ( 1.000000000000000000, 0.0000000000000000000, -0.0000000000000000000 ) ) ;
#1889 = VERTEX_POINT ( 'NONE', #280 ) ;
#1890 = EDGE_CURVE ( 'NONE', #1382, #1841, #122, .T. ) ;
#1891 = LINE ( 'NONE', #639, #1050 ) ;
#1892 = ORIENTED_EDGE ( 'NONE', *, *, #1848, .F. ) ;
#1893 = DIRECTION ( 'NONE',  ( -0.08674879183200331911, -0.08682718459129948330, -0.9924392611800665343 ) ) ;
#1894 = MECHANICAL_DESIGN_GEOMETRIC_PRESENTATION_REPRESENTATION (  '', ( #2066 ), #791 ) ;
#1895 = DIRECTION ( 'NONE',  ( 0.0000000000000000000, 0.0000000000000000000, -1.000000000000000000 ) ) ;
#1896 = SURFACE_STYLE_USAGE ( .BOTH. , #179 ) ;
#1897 = ORIENTED_EDGE ( 'NONE', *, *, #176, .F. ) ;
#1898 =( GEOMETRIC_REPRESENTATION_CONTEXT ( 3 ) GLOBAL_UNCERTAINTY_ASSIGNED_CONTEXT ( ( #716 ) ) GLOBAL_UNIT_ASSIGNED_CONTEXT ( ( #2290, #1118, #1253 ) ) REPRESENTATION_CONTEXT ( 'NONE', 'WORKASPACE' ) );
#1899 = ORIENTED_EDGE ( 'NONE', *, *, #1142, .T. ) ;
#1900 = DIRECTION ( 'NONE',  ( 0.0000000000000000000, 0.0000000000000000000, 1.000000000000000000 ) ) ;
#1901 = EDGE_CURVE ( 'NONE', #1688, #792, #1463, .T. ) ;
#1902 = CARTESIAN_POINT ( 'NONE',  ( 1.340000000000000080, -0.7950000000000000400, 0.06000000000000001166 ) ) ;
#1903 = LINE ( 'NONE', #1725, #527 ) ;
#1904 = CARTESIAN_POINT ( 'NONE',  ( -1.286779408077786568, 0.7318935671350124128, 0.9226146722824304369 ) ) ;
#1905 = SURFACE_STYLE_USAGE ( .BOTH. , #545 ) ;
#1906 = AXIS2_PLACEMENT_3D ( 'NONE', #1327, #1148, #759 ) ;
#1907 = FACE_OUTER_BOUND ( 'NONE', #1638, .T. ) ;
#1908 = PRESENTATION_STYLE_ASSIGNMENT (( #2337 ) ) ;
#1909 = CIRCLE ( 'NONE', #803, 0.02999999999999986011 ) ;
#1910 = UNCERTAINTY_MEASURE_WITH_UNIT (LENGTH_MEASURE( 1.000000000000000082E-05 ), #1793, 'distance_accuracy_value', 'NONE');
#1911 = DIRECTION ( 'NONE',  ( 0.0000000000000000000, 0.0000000000000000000, -1.000000000000000000 ) ) ;
#1912 =( NAMED_UNIT ( * ) SI_UNIT ( $, .STERADIAN. ) SOLID_ANGLE_UNIT ( ) );
#1913 = VECTOR ( 'NONE', #1065, 1000.000000000000000 ) ;
#1914 = CIRCLE ( 'NONE', #1187, 0.009999999999999998473 ) ;
#1915 = PRESENTATION_STYLE_ASSIGNMENT (( #1896 ) ) ;
#1916 = ORIENTED_EDGE ( 'NONE', *, *, #1776, .T. ) ;
#1917 = ORIENTED_EDGE ( 'NONE', *, *, #1040, .F. ) ;
#1918 = AXIS2_PLACEMENT_3D ( 'NONE', #1348, #542, #1560 ) ;
#1919 = UNCERTAINTY_MEASURE_WITH_UNIT (LENGTH_MEASURE( 1.000000000000000082E-05 ), #7, 'distance_accuracy_value', 'NONE');
#1920 = PRESENTATION_LAYER_ASSIGNMENT (  '', '', ( #71 ) ) ;
#1921 = EDGE_CURVE ( 'NONE', #984, #1989, #2499, .T. ) ;
#1922 =( NAMED_UNIT ( * ) SI_UNIT ( $, .STERADIAN. ) SOLID_ANGLE_UNIT ( ) );
#1923 = DIRECTION ( 'NONE',  ( -0.0000000000000000000, 1.000000000000000000, 0.0000000000000000000 ) ) ;
#1924 = EDGE_CURVE ( 'NONE', #1195, #1456, #1686, .T. ) ;
#1925 = FILL_AREA_STYLE_COLOUR ( '', #2107 ) ;
#1926 = DIRECTION ( 'NONE',  ( -1.000000000000000000, 0.0000000000000000000, 0.0000000000000000000 ) ) ;
#1927 = CARTESIAN_POINT ( 'NONE',  ( 1.349999783617002125, -0.7951139426742508398, 0.2000024732689760498 ) ) ;
#1928 = CARTESIAN_POINT ( 'NONE',  ( 1.349999909635192008, -0.7950760338952425066, 0.2000008267648091531 ) ) ;
#1929 = ORIENTED_EDGE ( 'NONE', *, *, #1585, .F. ) ;
#1930 = ORIENTED_EDGE ( 'NONE', *, *, #2133, .F. ) ;
#1931 = CARTESIAN_POINT ( 'NONE',  ( -1.320000000000000062, -0.8149999999999999467, 0.05000000000000005135 ) ) ;
#1932 = DIRECTION ( 'NONE',  ( -0.0000000000000000000, 0.0000000000000000000, 1.000000000000000000 ) ) ;
#1933 = SURFACE_SIDE_STYLE ('',( #767 ) ) ;
#1934 = EDGE_CURVE ( 'NONE', #1833, #1701, #1349, .T. ) ;
#1935 = DIRECTION ( 'NONE',  ( 0.0000000000000000000, 1.000000000000000000, 0.0000000000000000000 ) ) ;
#1936 = CARTESIAN_POINT ( 'NONE',  ( -1.000002793905780063, 0.7318935671350339511, 0.9510000000000001785 ) ) ;
#1937 = FILL_AREA_STYLE_COLOUR ( '', #523 ) ;
#1938 = CARTESIAN_POINT ( 'NONE',  ( -1.000002793905780063, 0.7318935671350339511, 0.9510000000000001785 ) ) ;
#1939 = DIRECTION ( 'NONE',  ( -0.0000000000000000000, -0.0000000000000000000, -1.000000000000000000 ) ) ;
#1940 = ORIENTED_EDGE ( 'NONE', *, *, #1077, .F. ) ;
#1941 = ORIENTED_EDGE ( 'NONE', *, *, #2109, .T. ) ;
#1942 = CARTESIAN_POINT ( 'NONE',  ( 1.350000000000000089, 0.7950190264984203781, 0.1066666666666667151 ) ) ;
#1943 = CARTESIAN_POINT ( 'NONE',  ( -0.7999999999999972689, 0.7318935671350339511, 0.9510000000000001785 ) ) ;
#1944 = FACE_OUTER_BOUND ( 'NONE', #2436, .T. ) ;
#1945 = CARTESIAN_POINT ( 'NONE',  ( 1.350000000000000089, 0.4500000000000001221, 0.1900000000000000022 ) ) ;
#1946 = AXIS2_PLACEMENT_3D ( 'NONE', #2406, #1399, #1782 ) ;
#1947 = AXIS2_PLACEMENT_3D ( 'NONE', #2298, #2095, #2528 ) ;
#1948 = EDGE_LOOP ( 'NONE', ( #2055, #2486, #111 ) ) ;
#1949 = VERTEX_POINT ( 'NONE', #703 ) ;
#1950 = EDGE_CURVE ( 'NONE', #1688, #2549, #851, .T. ) ;
#1951 = EDGE_CURVE ( 'NONE', #1606, #573, #1749, .T. ) ;
#1952 = AXIS2_PLACEMENT_3D ( 'NONE', #2013, #1642, #1968 ) ;
#1953 = CARTESIAN_POINT ( 'NONE',  ( -1.320000000000000062, -0.7950000000000000400, 0.06000000000000002554 ) ) ;
#1954 = FILL_AREA_STYLE_COLOUR ( '', #2388 ) ;
#1955 =( GEOMETRIC_REPRESENTATION_CONTEXT ( 3 ) GLOBAL_UNCERTAINTY_ASSIGNED_CONTEXT ( ( #815 ) ) GLOBAL_UNIT_ASSIGNED_CONTEXT ( ( #562, #2347, #356 ) ) REPRESENTATION_CONTEXT ( 'NONE', 'WORKASPACE' ) );
#1956 = SURFACE_STYLE_USAGE ( .BOTH. , #1765 ) ;
#1957 = STYLED_ITEM ( 'NONE', ( #1869 ), #2546 ) ;
#1958 = CARTESIAN_POINT ( 'NONE',  ( 1.060000000000000719, 0.4500000000000001221, 0.05000000000000007910 ) ) ;
#1959 = VERTEX_POINT ( 'NONE', #1518 ) ;
#1960 = DIRECTION ( 'NONE',  ( 0.0000000000000000000, 0.0000000000000000000, -1.000000000000000000 ) ) ;
#1961 = CARTESIAN_POINT ( 'NONE',  ( -1.340000000000000302, -0.7950000000000000400, 0.06000000000000001166 ) ) ;
#1962 = EDGE_CURVE ( 'NONE', #2112, #2129, #1695, .T. ) ;
#1963 = ORIENTED_EDGE ( 'NONE', *, *, #564, .F. ) ;
#1964 = EDGE_LOOP ( 'NONE', ( #82, #1963, #331 ) ) ;
#1965 = UNCERTAINTY_MEASURE_WITH_UNIT (LENGTH_MEASURE( 1.000000000000000082E-05 ), #1972, 'distance_accuracy_value', 'NONE');
#1966 = LINE ( 'NONE', #997, #1341 ) ;
#1967 = ADVANCED_FACE ( 'NONE', ( #876 ), #294, .T. ) ;
#1968 = DIRECTION ( 'NONE',  ( 0.0000000000000000000, 0.0000000000000000000, 1.000000000000000000 ) ) ;
#1969 = FILL_AREA_STYLE_COLOUR ( '', #834 ) ;
#1970 = DIRECTION ( 'NONE',  ( 0.9961946980917454342, 0.0000000000000000000, -0.08715574274765894303 ) ) ;
#1971 = EDGE_LOOP ( 'NONE', ( #1655, #1474, #772, #124 ) ) ;
#1972 =( LENGTH_UNIT ( ) NAMED_UNIT ( * ) SI_UNIT ( .MILLI., .METRE. ) );
#1973 = LINE ( 'NONE', #1224, #1011 ) ;
#1974 = SURFACE_STYLE_FILL_AREA ( #1802 ) ;
#1975 = EDGE_LOOP ( 'NONE', ( #943, #1842 ) ) ;
#1976 = ORIENTED_EDGE ( 'NONE', *, *, #2506, .T. ) ;
#1977 = DIRECTION ( 'NONE',  ( 1.000000000000000000, 0.0000000000000000000, 0.0000000000000000000 ) ) ;
#1978 =( NAMED_UNIT ( * ) SI_UNIT ( $, .STERADIAN. ) SOLID_ANGLE_UNIT ( ) );
#1979 = LINE ( 'NONE', #443, #66 ) ;
#1980 = PRESENTATION_LAYER_ASSIGNMENT (  '', '', ( #2066 ) ) ;
#1981 = DIRECTION ( 'NONE',  ( 3.855935168389984373E-16, 3.855935168390079529E-16, 1.000000000000000000 ) ) ;
#1982 = FACE_OUTER_BOUND ( 'NONE', #1344, .T. ) ;
#1983 = DIRECTION ( 'NONE',  ( 0.0000000000000000000, 0.0000000000000000000, 1.000000000000000000 ) ) ;
#1984 = EDGE_LOOP ( 'NONE', ( #612, #1780 ) ) ;
#1985 = CARTESIAN_POINT ( 'NONE',  ( 1.350000000000000089, 0.4500000000000001221, 0.06000000000000001166 ) ) ;
#1986 = DIRECTION ( 'NONE',  ( 0.0000000000000000000, 0.0000000000000000000, -1.000000000000000000 ) ) ;
#1987 = CARTESIAN_POINT ( 'NONE',  ( -1.319999999999999618, 0.7950000000000000400, 0.04999999999999990563 ) ) ;
#1988 =( GEOMETRIC_REPRESENTATION_CONTEXT ( 3 ) GLOBAL_UNCERTAINTY_ASSIGNED_CONTEXT ( ( #710 ) ) GLOBAL_UNIT_ASSIGNED_CONTEXT ( ( #718, #2089, #332 ) ) REPRESENTATION_CONTEXT ( 'NONE', 'WORKASPACE' ) );
#1989 = VERTEX_POINT ( 'NONE', #2062 ) ;
#1990 = LINE ( 'NONE', #2370, #1301 ) ;
#1991 = DIRECTION ( 'NONE',  ( 0.0000000000000000000, 0.0000000000000000000, -1.000000000000000000 ) ) ;
#1992 = VECTOR ( 'NONE', #1369, 1000.000000000000000 ) ;
#1993 = CARTESIAN_POINT ( 'NONE',  ( 1.050000000000000044, -0.8249999999999999556, 0.05000000000000011380 ) ) ;
#1994 = CARTESIAN_POINT ( 'NONE',  ( 1.350000000000000089, -0.7950570795124818346, 0.1999999999999999833 ) ) ;
#1995 = CARTESIAN_POINT ( 'NONE',  ( 0.0000000000000000000, 0.0000000000000000000, 0.0000000000000000000 ) ) ;
#1996 = COLOUR_RGB ( '',0.9764705882352940902, 0.9764705882352940902, 0.9764705882352940902 ) ;
#1997 = VECTOR ( 'NONE', #827, 1000.000000000000000 ) ;
#1998 = AXIS2_PLACEMENT_3D ( 'NONE', #1422, #236, #1013 ) ;
#1999 = DIRECTION ( 'NONE',  ( -1.000000000000000000, -0.0000000000000000000, 0.0000000000000000000 ) ) ;
#2000 = EDGE_CURVE ( 'NONE', #2040, #2446, #610, .T. ) ;
#2001 = EDGE_CURVE ( 'NONE', #2221, #243, #1880, .T. ) ;
#2002 = SURFACE_SIDE_STYLE ('',( #593 ) ) ;
#2003 = VECTOR ( 'NONE', #432, 1000.000000000000000 ) ;
#2004 = EDGE_LOOP ( 'NONE', ( #2548, #1600, #830, #266 ) ) ;
#2005 = CARTESIAN_POINT ( 'NONE',  ( -1.800000000000000488, -0.4500000000000001221, 0.009999999999999998473 ) ) ;
#2006 = DIRECTION ( 'NONE',  ( -1.000000000000000000, -0.0000000000000000000, 0.0000000000000000000 ) ) ;
#2007 = CARTESIAN_POINT ( 'NONE',  ( 1.350000000000000089, -0.8249999999999999556, 0.06000000000000001166 ) ) ;
#2008 = ORIENTED_EDGE ( 'NONE', *, *, #622, .T. ) ;
#2009 = CARTESIAN_POINT ( 'NONE',  ( -1.350000000000000089, -0.7950000000000000400, 0.06000000000000001166 ) ) ;
#2010 = CARTESIAN_POINT ( 'NONE',  ( -1.350000000000000089, 0.4500000000000001221, 0.1900000000000000022 ) ) ;
#2011 = CYLINDRICAL_SURFACE ( 'NONE', #1172, 0.009999999999999998473 ) ;
#2012 = CARTESIAN_POINT ( 'NONE',  ( 1.050000000000000044, -0.4500000000000001221, 0.009999999999999998473 ) ) ;
#2013 = CARTESIAN_POINT ( 'NONE',  ( 1.350000000000000089, 0.8149999999999999467, 0.06000000000000001166 ) ) ;
#2014 = ORIENTED_EDGE ( 'NONE', *, *, #512, .T. ) ;
#2015 = FILL_AREA_STYLE_COLOUR ( '', #2422 ) ;
#2016 = CARTESIAN_POINT ( 'NONE',  ( -1.350000000000000089, -0.8249999999999999556, 0.05000000000000011380 ) ) ;
#2017 = DIRECTION ( 'NONE',  ( 1.000000000000000000, 0.0000000000000000000, 3.388131789017192482E-16 ) ) ;
#2018 = ORIENTED_EDGE ( 'NONE', *, *, #2398, .T. ) ;
#2019 = UNCERTAINTY_MEASURE_WITH_UNIT (LENGTH_MEASURE( 1.000000000000000082E-05 ), #424, 'distance_accuracy_value', 'NONE');
#2020 = ORIENTED_EDGE ( 'NONE', *, *, #2439, .F. ) ;
#2021 = PRESENTATION_LAYER_ASSIGNMENT (  '', '', ( #2324 ) ) ;
#2022 = DIRECTION ( 'NONE',  ( 0.0000000000000000000, 0.0000000000000000000, 1.000000000000000000 ) ) ;
#2023 = STYLED_ITEM ( 'NONE', ( #2414 ), #338 ) ;
#2024 =( LENGTH_UNIT ( ) NAMED_UNIT ( * ) SI_UNIT ( .MILLI., .METRE. ) );
#2025 = CARTESIAN_POINT ( 'NONE',  ( 1.314119906793749903, -0.7891199067937509914, 0.2658999446052869864 ) ) ;
#2026 = ORIENTED_EDGE ( 'NONE', *, *, #2109, .F. ) ;
#2027 = CARTESIAN_POINT ( 'NONE',  ( 1.350000000000000089, -0.4500000000000001221, 0.2000000000000000111 ) ) ;
#2028 = FILL_AREA_STYLE ('',( #1573 ) ) ;
#2029 = EDGE_CURVE ( 'NONE', #1541, #1254, #1293, .T. ) ;
#2030 = VERTEX_POINT ( 'NONE', #525 ) ;
#2031 = VECTOR ( 'NONE', #2535, 1000.000000000000000 ) ;
#2032 = LINE ( 'NONE', #693, #1215 ) ;
#2033 = PRESENTATION_LAYER_ASSIGNMENT (  '', '', ( #844 ) ) ;
#2034 = AXIS2_PLACEMENT_3D ( 'NONE', #1741, #1132, #1895 ) ;
#2035 = VECTOR ( 'NONE', #1565, 1000.000000000000000 ) ;
#2036 = MECHANICAL_DESIGN_GEOMETRIC_PRESENTATION_REPRESENTATION (  '', ( #1393 ), #1790 ) ;
#2037 = CARTESIAN_POINT ( 'NONE',  ( -1.790000000000000036, 0.4500000000000001221, 0.2000000000000000111 ) ) ;
#2038 = TOROIDAL_SURFACE ( 'NONE', #235, 0.01999999999999972633, 0.009999999999999923880 ) ;
#2039 = CYLINDRICAL_SURFACE ( 'NONE', #13, 0.009999999999999998473 ) ;
#2040 = VERTEX_POINT ( 'NONE', #333 ) ;
#2041 = VECTOR ( 'NONE', #1498, 1000.000000000000000 ) ;
#2042 = CYLINDRICAL_SURFACE ( 'NONE', #1676, 0.03000000000000007869 ) ;
#2043 = VERTEX_POINT ( 'NONE', #2465 ) ;
#2044 = CIRCLE ( 'NONE', #1058, 0.03000000000000003011 ) ;
#2045 = ORIENTED_EDGE ( 'NONE', *, *, #2423, .T. ) ;
#2046 = PRODUCT_DEFINITION_FORMATION_WITH_SPECIFIED_SOURCE ( 'ANY', '', #1587, .NOT_KNOWN. ) ;
#2047 = FILL_AREA_STYLE ('',( #2259 ) ) ;
#2048 = ORIENTED_EDGE ( 'NONE', *, *, #2183, .F. ) ;
#2049 = EDGE_CURVE ( 'NONE', #2263, #2072, #2249, .T. ) ;
#2050 = CARTESIAN_POINT ( 'NONE',  ( -1.350000000000000089, 0.8149999999999999467, 0.05000000000000011380 ) ) ;
#2051 = ADVANCED_FACE ( 'NONE', ( #1657 ), #2449, .T. ) ;
#2052 = PRESENTATION_STYLE_ASSIGNMENT (( #1270 ) ) ;
#2053 = FACE_OUTER_BOUND ( 'NONE', #1693, .T. ) ;
#2054 = CARTESIAN_POINT ( 'NONE',  ( -1.000002793905780063, 0.7318935671350339511, 0.9510000000000001785 ) ) ;
#2055 = ORIENTED_EDGE ( 'NONE', *, *, #1315, .T. ) ;
#2056 = ORIENTED_EDGE ( 'NONE', *, *, #1283, .T. ) ;
#2057 = SURFACE_SIDE_STYLE ('',( #78 ) ) ;
#2058 =( NAMED_UNIT ( * ) PLANE_ANGLE_UNIT ( ) SI_UNIT ( $, .RADIAN. ) );
#2059 = DIRECTION ( 'NONE',  ( 1.000000000000000000, -0.0000000000000000000, 0.0000000000000000000 ) ) ;
#2060 = DIRECTION ( 'NONE',  ( -1.000000000000000000, -0.0000000000000000000, -0.0000000000000000000 ) ) ;
#2061 = DIRECTION ( 'NONE',  ( -0.0000000000000000000, -0.0000000000000000000, 1.000000000000000000 ) ) ;
#2062 = CARTESIAN_POINT ( 'NONE',  ( 1.349999972849435181, 0.7950570255013780230, 0.2000000000000000944 ) ) ;
#2063 = EDGE_CURVE ( 'NONE', #2221, #1195, #938, .T. ) ;
#2064 = CYLINDRICAL_SURFACE ( 'NONE', #1147, 0.009999999999999998473 ) ;
#2065 = VERTEX_POINT ( 'NONE', #1374 ) ;
#2066 = STYLED_ITEM ( 'NONE', ( #805 ), #309 ) ;
#2067 = VERTEX_POINT ( 'NONE', #1333 ) ;
#2068 =( GEOMETRIC_REPRESENTATION_CONTEXT ( 3 ) GLOBAL_UNCERTAINTY_ASSIGNED_CONTEXT ( ( #1919 ) ) GLOBAL_UNIT_ASSIGNED_CONTEXT ( ( #7, #2271, #118 ) ) REPRESENTATION_CONTEXT ( 'NONE', 'WORKASPACE' ) );
#2069 = DIRECTION ( 'NONE',  ( 0.0000000000000000000, -0.0000000000000000000, 1.000000000000000000 ) ) ;
#2070 = DIRECTION ( 'NONE',  ( -0.0000000000000000000, -1.000000000000000000, -0.0000000000000000000 ) ) ;
#2071 = ORIENTED_EDGE ( 'NONE', *, *, #1234, .F. ) ;
#2072 = VERTEX_POINT ( 'NONE', #158 ) ;
#2073 = UNCERTAINTY_MEASURE_WITH_UNIT (LENGTH_MEASURE( 1.000000000000000082E-05 ), #2516, 'distance_accuracy_value', 'NONE');
#2074 = CARTESIAN_POINT ( 'NONE',  ( -1.350000000000000089, -0.8149999999999999467, 0.06000000000000001166 ) ) ;
#2075 = AXIS2_PLACEMENT_3D ( 'NONE', #2074, #1694, #1060 ) ;
#2076 = MECHANICAL_DESIGN_GEOMETRIC_PRESENTATION_REPRESENTATION (  '', ( #24 ), #359 ) ;
#2077 = FILL_AREA_STYLE_COLOUR ( '', #1106 ) ;
#2078 = FILL_AREA_STYLE ('',( #513 ) ) ;
#2079 = EDGE_LOOP ( 'NONE', ( #403, #796, #890, #2100, #1362 ) ) ;
#2080 = AXIS2_PLACEMENT_3D ( 'NONE', #2456, #544, #831 ) ;
#2081 = MECHANICAL_DESIGN_GEOMETRIC_PRESENTATION_REPRESENTATION (  '', ( #1839 ), #964 ) ;
#2082 = EDGE_CURVE ( 'NONE', #1825, #1889, #1139, .T. ) ;
#2083 = CARTESIAN_POINT ( 'NONE',  ( -1.000002793905780063, 0.7318935671350339511, 0.9510000000000001785 ) ) ;
#2084 =( NAMED_UNIT ( * ) PLANE_ANGLE_UNIT ( ) SI_UNIT ( $, .RADIAN. ) );
#2085 = COLOUR_RGB ( '',0.9764705882352940902, 0.9764705882352940902, 0.9764705882352940902 ) ;
#2086 = PLANE ( 'NONE',  #695 ) ;
#2087 = ORIENTED_EDGE ( 'NONE', *, *, #2552, .F. ) ;
#2088 = EDGE_LOOP ( 'NONE', ( #1555, #2417 ) ) ;
#2089 =( NAMED_UNIT ( * ) PLANE_ANGLE_UNIT ( ) SI_UNIT ( $, .RADIAN. ) );
#2090 = CARTESIAN_POINT ( 'NONE',  ( -1.800000000000000488, -0.4400000000000000577, 0.0000000000000000000 ) ) ;
#2091 = DIRECTION ( 'NONE',  ( -1.000000000000000000, 0.0000000000000000000, 0.0000000000000000000 ) ) ;
#2092 = SURFACE_STYLE_USAGE ( .BOTH. , #918 ) ;
#2093 = ORIENTED_EDGE ( 'NONE', *, *, #666, .F. ) ;
#2094 = CARTESIAN_POINT ( 'NONE',  ( 1.349999783617004789, 0.7951139426742473981, 0.2000024732690047768 ) ) ;
#2095 = DIRECTION ( 'NONE',  ( 1.000000000000000000, 0.0000000000000000000, 0.0000000000000000000 ) ) ;
#2096 = ORIENTED_EDGE ( 'NONE', *, *, #241, .F. ) ;
#2097 = EDGE_CURVE ( 'NONE', #79, #619, #1715, .T. ) ;
#2098 = CYLINDRICAL_SURFACE ( 'NONE', #2034, 0.009999999999999998473 ) ;
#2099 = PLANE ( 'NONE',  #1145 ) ;
#2100 = ORIENTED_EDGE ( 'NONE', *, *, #651, .F. ) ;
#2101 = ORIENTED_EDGE ( 'NONE', *, *, #1233, .T. ) ;
#2102 = UNCERTAINTY_MEASURE_WITH_UNIT (LENGTH_MEASURE( 1.000000000000000082E-05 ), #950, 'distance_accuracy_value', 'NONE');
#2103 = DIRECTION ( 'NONE',  ( 0.0000000000000000000, -0.0000000000000000000, 1.000000000000000000 ) ) ;
#2104 = CARTESIAN_POINT ( 'NONE',  ( 1.320000000000000062, 0.8249999999999999556, 0.06000000000000001166 ) ) ;
#2105 = FACE_OUTER_BOUND ( 'NONE', #2209, .T. ) ;
#2106 = CARTESIAN_POINT ( 'NONE',  ( -1.350000000000000089, 0.7950570794626180549, 0.2000000000000002054 ) ) ;
#2107 = COLOUR_RGB ( '',0.9764705882352940902, 0.9764705882352940902, 0.9764705882352940902 ) ;
#2108 = VECTOR ( 'NONE', #1395, 1000.000000000000000 ) ;
#2109 = EDGE_CURVE ( 'NONE', #2067, #1651, #528, .T. ) ;
#2110 = ORIENTED_EDGE ( 'NONE', *, *, #1744, .F. ) ;
#2111 = AXIS2_PLACEMENT_3D ( 'NONE', #173, #2502, #1154 ) ;
#2112 = VERTEX_POINT ( 'NONE', #5 ) ;
#2113 = FILL_AREA_STYLE_COLOUR ( '', #1093 ) ;
#2114 = ADVANCED_FACE ( 'NONE', ( #2155 ), #169, .T. ) ;
#2115 = ADVANCED_FACE ( 'NONE', ( #752 ), #550, .T. ) ;
#2116 = CARTESIAN_POINT ( 'NONE',  ( 1.337551280662924391, 0.8249666918308904418, 0.2007609187418686880 ) ) ;
#2117 =( NAMED_UNIT ( * ) SI_UNIT ( $, .STERADIAN. ) SOLID_ANGLE_UNIT ( ) );
#2118 = CARTESIAN_POINT ( 'NONE',  ( -1.256893567135030088, 0.7318935671350339511, 0.9200000000000002620 ) ) ;
#2119 = VECTOR ( 'NONE', #1716, 1000.000000000000000 ) ;
#2120 =( GEOMETRIC_REPRESENTATION_CONTEXT ( 3 ) GLOBAL_UNCERTAINTY_ASSIGNED_CONTEXT ( ( #1965 ) ) GLOBAL_UNIT_ASSIGNED_CONTEXT ( ( #1972, #1566, #2394 ) ) REPRESENTATION_CONTEXT ( 'NONE', 'WORKASPACE' ) );
#2121 = CARTESIAN_POINT ( 'NONE',  ( -1.350000000000000089, 0.8249999999999999556, 0.05000000000000011380 ) ) ;
#2122 = SURFACE_STYLE_FILL_AREA ( #2494 ) ;
#2123 = CIRCLE ( 'NONE', #1100, 0.01000000000000002623 ) ;
#2124 = FILL_AREA_STYLE_COLOUR ( '', #358 ) ;
#2125 = B_SPLINE_CURVE_WITH_KNOTS ( 'NONE', 3,
 ( #1819, #797, #631, #2009 ),
 .UNSPECIFIED., .F., .F.,
 ( 4, 4 ),
 ( 0.0000000000000000000, 1.000000000000000000 ),
 .UNSPECIFIED. ) ;
#2126 = AXIS2_PLACEMENT_3D ( 'NONE', #2523, #1724, #740 ) ;
#2127 = MECHANICAL_DESIGN_GEOMETRIC_PRESENTATION_REPRESENTATION (  '', ( #401 ), #109 ) ;
#2128 = ORIENTED_EDGE ( 'NONE', *, *, #1297, .T. ) ;
#2129 = VERTEX_POINT ( 'NONE', #2104 ) ;
#2130 = VECTOR ( 'NONE', #90, 1000.000000000000000 ) ;
#2131 = UNCERTAINTY_MEASURE_WITH_UNIT (LENGTH_MEASURE( 1.000000000000000082E-05 ), #433, 'distance_accuracy_value', 'NONE');
#2132 = CARTESIAN_POINT ( 'NONE',  ( 3.469446951953609850E-15, -0.7617794080777865462, 0.9226146722824301039 ) ) ;
#2133 = EDGE_CURVE ( 'NONE', #1865, #1651, #645, .T. ) ;
#2134 = PLANE ( 'NONE',  #1306 ) ;
#2135 = CARTESIAN_POINT ( 'NONE',  ( -1.256893567135033196, 0.7318935671350342842, 0.9200000000000044809 ) ) ;
#2136 =( NAMED_UNIT ( * ) PLANE_ANGLE_UNIT ( ) SI_UNIT ( $, .RADIAN. ) );
#2137 = DIRECTION ( 'NONE',  ( -1.000000000000000000, 0.0000000000000000000, 0.0000000000000000000 ) ) ;
#2138 = CARTESIAN_POINT ( 'NONE',  ( -1.060000000000000497, -0.4400000000000000022, 0.2000000000000000111 ) ) ;
#2139 =( BOUNDED_CURVE ( )  B_SPLINE_CURVE ( 3, ( #818, #239, #2438, #1406 ),
 .UNSPECIFIED., .F., .F. ) 
 B_SPLINE_CURVE_WITH_KNOTS ( ( 4, 4 ),
 ( 2.358095338705104904, 3.925089966644744077 ),
 .UNSPECIFIED. ) 
 CURVE ( )  GEOMETRIC_REPRESENTATION_ITEM ( )  RATIONAL_B_SPLINE_CURVE ( ( 1.000000000000000000, 0.8056330709523958911, 0.8056330709523958911, 1.000000000000000000 ) ) 
 REPRESENTATION_ITEM ( '' )  );
#2140 = PRESENTATION_STYLE_ASSIGNMENT (( #2325 ) ) ;
#2141 = CARTESIAN_POINT ( 'NONE',  ( 1.349999855607869170, -0.7950949883146044561, 0.2000016504096031045 ) ) ;
#2142 = ORIENTED_EDGE ( 'NONE', *, *, #475, .T. ) ;
#2143 = ORIENTED_EDGE ( 'NONE', *, *, #2328, .T. ) ;
#2144 = LINE ( 'NONE', #913, #2379 ) ;
#2145 = CARTESIAN_POINT ( 'NONE',  ( 1.060000000000000497, 0.4500000000000001221, 0.0000000000000000000 ) ) ;
#2146 = FILL_AREA_STYLE ('',( #2332 ) ) ;
#2147 =( NAMED_UNIT ( * ) PLANE_ANGLE_UNIT ( ) SI_UNIT ( $, .RADIAN. ) );
#2148 =( NAMED_UNIT ( * ) SI_UNIT ( $, .STERADIAN. ) SOLID_ANGLE_UNIT ( ) );
#2149 = CARTESIAN_POINT ( 'NONE',  ( -0.7999999999999967137, -0.7318935671350339511, 0.9499999999999999556 ) ) ;
#2150 = PRESENTATION_STYLE_ASSIGNMENT (( #229 ) ) ;
#2151 = DIRECTION ( 'NONE',  ( 1.000000000000000000, 0.0000000000000000000, 0.0000000000000000000 ) ) ;
#2152 = ORIENTED_EDGE ( 'NONE', *, *, #721, .F. ) ;
#2153 = ORIENTED_EDGE ( 'NONE', *, *, #2000, .T. ) ;
#2154 =( NAMED_UNIT ( * ) PLANE_ANGLE_UNIT ( ) SI_UNIT ( $, .RADIAN. ) );
#2155 = FACE_OUTER_BOUND ( 'NONE', #3, .T. ) ;
#2156 = COLOUR_RGB ( '',1.000000000000000000, 1.000000000000000000, 1.000000000000000000 ) ;
#2157 = STYLED_ITEM ( 'NONE', ( #899 ), #514 ) ;
#2158 = CARTESIAN_POINT ( 'NONE',  ( 1.344005747736502387, -0.7891199067937509914, 0.2685146168877167727 ) ) ;
#2159 = FACE_OUTER_BOUND ( 'NONE', #859, .T. ) ;
#2160 = ADVANCED_FACE ( 'NONE', ( #219 ), #1386, .T. ) ;
#2161 = DIRECTION ( 'NONE',  ( -0.0000000000000000000, -1.000000000000000000, -0.0000000000000000000 ) ) ;
#2162 = PRESENTATION_STYLE_ASSIGNMENT (( #979 ) ) ;
#2163 = ORIENTED_EDGE ( 'NONE', *, *, #2261, .T. ) ;
#2164 = VECTOR ( 'NONE', #2357, 1000.000000000000000 ) ;
#2165 = EDGE_CURVE ( 'NONE', #1026, #2112, #1412, .T. ) ;
#2166 = PRESENTATION_STYLE_ASSIGNMENT (( #780 ) ) ;
#2167 = DIRECTION ( 'NONE',  ( -0.0000000000000000000, 1.000000000000000000, 0.0000000000000000000 ) ) ;
#2168 = MECHANICAL_DESIGN_GEOMETRIC_PRESENTATION_REPRESENTATION (  '', ( #151 ), #319 ) ;
#2169 = ORIENTED_EDGE ( 'NONE', *, *, #2439, .T. ) ;
#2170 = VECTOR ( 'NONE', #963, 1000.000000000000114 ) ;
#2171 = CARTESIAN_POINT ( 'NONE',  ( -1.350000000000000089, 0.8249999999999999556, 0.05000000000000011380 ) ) ;
#2172 = AXIS2_PLACEMENT_3D ( 'NONE', #790, #1396, #1589 ) ;
#2173 = DIRECTION ( 'NONE',  ( 1.000000000000000000, 0.0000000000000000000, -0.0000000000000000000 ) ) ;
#2174 = AXIS2_PLACEMENT_3D ( 'NONE', #915, #321, #1867 ) ;
#2175 =( LENGTH_UNIT ( ) NAMED_UNIT ( * ) SI_UNIT ( .MILLI., .METRE. ) );
#2176 = AXIS2_PLACEMENT_3D ( 'NONE', #1527, #572, #2518 ) ;
#2177 = DIRECTION ( 'NONE',  ( 0.0000000000000000000, 0.0000000000000000000, 1.000000000000000000 ) ) ;
#2178 = LINE ( 'NONE', #399, #390 ) ;
#2179 = VERTEX_POINT ( 'NONE', #1594 ) ;
#2180 = CYLINDRICAL_SURFACE ( 'NONE', #1469, 0.01000000000000000021 ) ;
#2181 = ADVANCED_FACE ( 'NONE', ( #2387 ), #1608, .T. ) ;
#2182 = ORIENTED_EDGE ( 'NONE', *, *, #2375, .F. ) ;
#2183 = EDGE_CURVE ( 'NONE', #2129, #1052, #154, .T. ) ;
#2184 = VERTEX_POINT ( 'NONE', #2010 ) ;
#2185 = UNCERTAINTY_MEASURE_WITH_UNIT (LENGTH_MEASURE( 1.000000000000000082E-05 ), #1809, 'distance_accuracy_value', 'NONE');
#2186 = LINE ( 'NONE', #1012, #2286 ) ;
#2187 = LINE ( 'NONE', #1993, #2296 ) ;
#2188 = LINE ( 'NONE', #444, #730 ) ;
#2189 = CARTESIAN_POINT ( 'NONE',  ( -1.349999999725019162, -5.421010862427519705E-17, 0.2000000031430483605 ) ) ;
#2190 = CARTESIAN_POINT ( 'NONE',  ( 1.310162006657670020, 0.7851620066576650014, 0.3111389501698459958 ) ) ;
#2191 = ORIENTED_EDGE ( 'NONE', *, *, #240, .T. ) ;
#2192 = LINE ( 'NONE', #832, #33 ) ;
#2193 = ORIENTED_EDGE ( 'NONE', *, *, #1204, .F. ) ;
#2194 = SURFACE_STYLE_FILL_AREA ( #438 ) ;
#2195 = EDGE_CURVE ( 'NONE', #1889, #2478, #1491, .T. ) ;
#2196 =( NAMED_UNIT ( * ) PLANE_ANGLE_UNIT ( ) SI_UNIT ( $, .RADIAN. ) );
#2197 = ADVANCED_FACE ( 'NONE', ( #103 ), #2086, .T. ) ;
#2198 = AXIS2_PLACEMENT_3D ( 'NONE', #1189, #242, #45 ) ;
#2199 = CARTESIAN_POINT ( 'NONE',  ( -1.320000000000000062, -0.8249999999999999556, 0.06000000000000001166 ) ) ;
#2200 =( LENGTH_UNIT ( ) NAMED_UNIT ( * ) SI_UNIT ( .MILLI., .METRE. ) );
#2201 = ORIENTED_EDGE ( 'NONE', *, *, #1091, .F. ) ;
#2202 = DIRECTION ( 'NONE',  ( 0.0000000000000000000, 0.0000000000000000000, 1.000000000000000000 ) ) ;
#2203 = LINE ( 'NONE', #1801, #1679 ) ;
#2204 = CIRCLE ( 'NONE', #1046, 0.009999999999999923880 ) ;
#2205 = VERTEX_POINT ( 'NONE', #1114 ) ;
#2206 = CIRCLE ( 'NONE', #228, 0.01000000000000001235 ) ;
#2207 = CARTESIAN_POINT ( 'NONE',  ( 3.550762114890030177E-15, 0.7617794080777865462, 0.9226146722824301039 ) ) ;
#2208 = VECTOR ( 'NONE', #1020, 1000.000000000000000 ) ;
#2209 = EDGE_LOOP ( 'NONE', ( #1855, #532 ) ) ;
#2210 = DIRECTION ( 'NONE',  ( 0.0000000000000000000, -1.000000000000000000, 0.0000000000000000000 ) ) ;
#2211 = AXIS2_PLACEMENT_3D ( 'NONE', #2331, #784, #1582 ) ;
#2212 = EDGE_CURVE ( 'NONE', #1382, #450, #1856, .T. ) ;
#2213 = ADVANCED_FACE ( 'NONE', ( #2484 ), #700, .F. ) ;
#2214 = AXIS2_PLACEMENT_3D ( 'NONE', #1787, #2419, #407 ) ;
#2215 = DIRECTION ( 'NONE',  ( -1.000000000000000000, 0.0000000000000000000, 0.0000000000000000000 ) ) ;
#2216 = COLOUR_RGB ( '',0.2000000000000000111, 0.2000000000000000111, 0.2000000000000000111 ) ;
#2217 = VERTEX_POINT ( 'NONE', #2243 ) ;
#2218 = CARTESIAN_POINT ( 'NONE',  ( 1.340000000000000080, -0.7950000000000000400, 0.05000000000000005135 ) ) ;
#2219 = CARTESIAN_POINT ( 'NONE',  ( -1.256893567135030088, -0.7318935671350339511, 0.9499999999999999556 ) ) ;
#2220 = CARTESIAN_POINT ( 'NONE',  ( 1.800000000000000488, -0.4500000000000001221, 0.2000000000000000111 ) ) ;
#2221 = VERTEX_POINT ( 'NONE', #126 ) ;
#2222 = EDGE_LOOP ( 'NONE', ( #2153, #1692, #1124, #1401 ) ) ;
#2223 = DIRECTION ( 'NONE',  ( 0.0000000000000000000, 0.0000000000000000000, -1.000000000000000000 ) ) ;
#2224 = SURFACE_SIDE_STYLE ('',( #2402 ) ) ;
#2225 = DIRECTION ( 'NONE',  ( 0.0000000000000000000, 0.0000000000000000000, 1.000000000000000000 ) ) ;
#2226 = ORIENTED_EDGE ( 'NONE', *, *, #1620, .F. ) ;
#2227 = PRESENTATION_STYLE_ASSIGNMENT (( #655 ) ) ;
#2228 = ADVANCED_FACE ( 'NONE', ( #1448 ), #1477, .F. ) ;
#2229 = ORIENTED_EDGE ( 'NONE', *, *, #2476, .F. ) ;
#2230 = VERTEX_POINT ( 'NONE', #659 ) ;
#2231 = CARTESIAN_POINT ( 'NONE',  ( -1.000002793905780063, -0.7318935671350339511, 0.9510000000000001785 ) ) ;
#2232 = PRESENTATION_STYLE_ASSIGNMENT (( #1956 ) ) ;
#2233 = ORIENTED_EDGE ( 'NONE', *, *, #1246, .F. ) ;
#2234 = SURFACE_STYLE_USAGE ( .BOTH. , #1072 ) ;
#2235 = CARTESIAN_POINT ( 'NONE',  ( -1.340000000000000080, 0.4500000000000001221, 0.05000000000000011380 ) ) ;
#2236 = LINE ( 'NONE', #1859, #1435 ) ;
#2237 = LINE ( 'NONE', #283, #992 ) ;
#2238 = AXIS2_PLACEMENT_3D ( 'NONE', #2118, #1726, #2277 ) ;
#2239 = ORIENTED_EDGE ( 'NONE', *, *, #1206, .F. ) ;
#2240 = CARTESIAN_POINT ( 'NONE',  ( -1.800000000000000488, 0.4500000000000001221, 0.1900000000000000022 ) ) ;
#2241 = EDGE_LOOP ( 'NONE', ( #393, #2444, #104, #2481 ) ) ;
#2242 = ADVANCED_FACE ( 'NONE', ( #1252 ), #496, .T. ) ;
#2243 = CARTESIAN_POINT ( 'NONE',  ( 1.256893567135036971, -0.7617794080777864352, 0.9226146722824324353 ) ) ;
#2244 =( LENGTH_UNIT ( ) NAMED_UNIT ( * ) SI_UNIT ( .MILLI., .METRE. ) );
#2245 = VECTOR ( 'NONE', #293, 1000.000000000000000 ) ;
#2246 = PRESENTATION_LAYER_ASSIGNMENT (  '', '', ( #151 ) ) ;
#2247 = LINE ( 'NONE', #500, #1220 ) ;
#2248 = AXIS2_PLACEMENT_3D ( 'NONE', #1567, #2354, #2151 ) ;
#2249 = LINE ( 'NONE', #1309, #1053 ) ;
#2250 = STYLED_ITEM ( 'NONE', ( #252 ), #1815 ) ;
#2251 = AXIS2_PLACEMENT_3D ( 'NONE', #365, #1314, #580 ) ;
#2252 = DIRECTION ( 'NONE',  ( 0.0000000000000000000, -1.000000000000000000, -0.0000000000000000000 ) ) ;
#2253 = COLOUR_RGB ( '',0.9764705882352940902, 0.9764705882352940902, 0.9764705882352940902 ) ;
#2254 = ORIENTED_EDGE ( 'NONE', *, *, #207, .F. ) ;
#2255 = COLOUR_RGB ( '',0.9764705882352940902, 0.9764705882352940902, 0.9764705882352940902 ) ;
#2256 = DIRECTION ( 'NONE',  ( -3.855935168389984373E-16, -3.855935168390079529E-16, -1.000000000000000000 ) ) ;
#2257 = AXIS2_PLACEMENT_3D ( 'NONE', #1328, #760, #1317 ) ;
#2258 = EDGE_LOOP ( 'NONE', ( #75, #2343 ) ) ;
#2259 = FILL_AREA_STYLE_COLOUR ( '', #2085 ) ;
#2260 = EDGE_CURVE ( 'NONE', #2478, #1701, #81, .T. ) ;
#2261 = EDGE_CURVE ( 'NONE', #706, #2043, #272, .T. ) ;
#2262 = DIRECTION ( 'NONE',  ( 1.000000000000000000, 0.0000000000000000000, -0.0000000000000000000 ) ) ;
#2263 = VERTEX_POINT ( 'NONE', #1691 ) ;
#2264 = FACE_OUTER_BOUND ( 'NONE', #268, .T. ) ;
#2265 = DIRECTION ( 'NONE',  ( 1.000000000000000000, -0.0000000000000000000, 0.0000000000000000000 ) ) ;
#2266 = EDGE_CURVE ( 'NONE', #1568, #2179, #2344, .T. ) ;
#2267 = EDGE_LOOP ( 'NONE', ( #2457, #463, #1505 ) ) ;
#2268 = DIRECTION ( 'NONE',  ( -1.000000000000000000, 0.0000000000000000000, -4.517509052022956178E-16 ) ) ;
#2269 = CARTESIAN_POINT ( 'NONE',  ( -1.299010267808087926, 0.8039341506737116561, 0.4407835533392318594 ) ) ;
#2270 = DIRECTION ( 'NONE',  ( 0.0000000000000000000, -0.0000000000000000000, -1.000000000000000000 ) ) ;
#2271 =( NAMED_UNIT ( * ) PLANE_ANGLE_UNIT ( ) SI_UNIT ( $, .RADIAN. ) );
#2272 = EDGE_CURVE ( 'NONE', #825, #2184, #488, .T. ) ;
#2273 = LINE ( 'NONE', #1291, #520 ) ;
#2274 = DIRECTION ( 'NONE',  ( 0.0000000000000000000, 0.0000000000000000000, -1.000000000000000000 ) ) ;
#2275 = ADVANCED_FACE ( 'NONE', ( #1288 ), #2462, .T. ) ;
#2276 = SURFACE_SIDE_STYLE ('',( #857 ) ) ;
#2277 = DIRECTION ( 'NONE',  ( 0.0000000000000000000, 0.9969310122446249922, 0.07828509963529103888 ) ) ;
#2278 = ORIENTED_EDGE ( 'NONE', *, *, #2049, .T. ) ;
#2279 = CYLINDRICAL_SURFACE ( 'NONE', #505, 0.01000000000000001235 ) ;
#2280 = UNCERTAINTY_MEASURE_WITH_UNIT (LENGTH_MEASURE( 1.000000000000000082E-05 ), #20, 'distance_accuracy_value', 'NONE');
#2281 = CARTESIAN_POINT ( 'NONE',  ( -1.320057079367176422, 0.8249999728495822637, 0.2000000011649048504 ) ) ;
#2282 = SURFACE_STYLE_USAGE ( .BOTH. , #911 ) ;
#2283 = ORIENTED_EDGE ( 'NONE', *, *, #1776, .F. ) ;
#2284 = UNCERTAINTY_MEASURE_WITH_UNIT (LENGTH_MEASURE( 1.000000000000000082E-05 ), #878, 'distance_accuracy_value', 'NONE');
#2285 = CARTESIAN_POINT ( 'NONE',  ( -1.350000000000000089, -0.8249999999999999556, 0.2000000000000001221 ) ) ;
#2286 = VECTOR ( 'NONE', #14, 1000.000000000000000 ) ;
#2287 =( GEOMETRIC_REPRESENTATION_CONTEXT ( 3 ) GLOBAL_UNCERTAINTY_ASSIGNED_CONTEXT ( ( #1071 ) ) GLOBAL_UNIT_ASSIGNED_CONTEXT ( ( #2326, #1133, #738 ) ) REPRESENTATION_CONTEXT ( 'NONE', 'WORKASPACE' ) );
#2288 = SURFACE_SIDE_STYLE ('',( #2431 ) ) ;
#2289 = SURFACE_STYLE_FILL_AREA ( #1687 ) ;
#2290 =( LENGTH_UNIT ( ) NAMED_UNIT ( * ) SI_UNIT ( .MILLI., .METRE. ) );
#2291 = COLOUR_RGB ( '',0.9764705882352940902, 0.9764705882352940902, 0.9764705882352940902 ) ;
#2292 = EDGE_CURVE ( 'NONE', #650, #1861, #367, .T. ) ;
#2293 = EDGE_CURVE ( 'NONE', #2040, #1202, #379, .T. ) ;
#2294 = VERTEX_POINT ( 'NONE', #749 ) ;
#2295 = MECHANICAL_DESIGN_GEOMETRIC_PRESENTATION_REPRESENTATION (  '', ( #2250 ), #1838 ) ;
#2296 = VECTOR ( 'NONE', #1630, 1000.000000000000000 ) ;
#2297 = CYLINDRICAL_SURFACE ( 'NONE', #1699, 0.02999999999999997113 ) ;
#2298 = CARTESIAN_POINT ( 'NONE',  ( 1.050000000000000044, 0.4400000000000000022, 0.1900000000000000022 ) ) ;
#2299 = VECTOR ( 'NONE', #1089, 1000.000000000000227 ) ;
#2300 = VECTOR ( 'NONE', #142, 1000.000000000000000 ) ;
#2301 = DIRECTION ( 'NONE',  ( -0.0000000000000000000, 1.000000000000000000, -0.0000000000000000000 ) ) ;
#2302 = DIRECTION ( 'NONE',  ( 0.0000000000000000000, 0.0000000000000000000, 1.000000000000000000 ) ) ;
#2303 = ORIENTED_EDGE ( 'NONE', *, *, #1141, .F. ) ;
#2304 = AXIS2_PLACEMENT_3D ( 'NONE', #1961, #201, #37 ) ;
#2305 = ORIENTED_EDGE ( 'NONE', *, *, #987, .F. ) ;
#2306 = DIRECTION ( 'NONE',  ( 1.000000000000000000, 0.0000000000000000000, -0.0000000000000000000 ) ) ;
#2307 = DIRECTION ( 'NONE',  ( -1.000000000000000000, 0.0000000000000000000, 0.0000000000000000000 ) ) ;
#2308 = CARTESIAN_POINT ( 'NONE',  ( 1.286779408077786124, -0.7318935671350079719, 0.9226146722824318802 ) ) ;
#2309 = ORIENTED_EDGE ( 'NONE', *, *, #68, .T. ) ;
#2310 = LINE ( 'NONE', #174, #1660 ) ;
#2311 = DIRECTION ( 'NONE',  ( 1.000000000000000000, 0.0000000000000000000, 0.0000000000000000000 ) ) ;
#2312 = EDGE_CURVE ( 'NONE', #1254, #1827, #2497, .T. ) ;
#2313 = EDGE_CURVE ( 'NONE', #1006, #1541, #1110, .T. ) ;
#2314 = LINE ( 'NONE', #1550, #883 ) ;
#2315 = CARTESIAN_POINT ( 'NONE',  ( -1.320000000000000062, -0.7950000000000000400, 0.06000000000000001860 ) ) ;
#2316 = ORIENTED_EDGE ( 'NONE', *, *, #2292, .T. ) ;
#2317 = ORIENTED_EDGE ( 'NONE', *, *, #2489, .T. ) ;
#2318 = CARTESIAN_POINT ( 'NONE',  ( 1.286779408077786568, -5.421010862427519705E-17, 0.9226146722824295487 ) ) ;
#2319 = DIRECTION ( 'NONE',  ( -1.000000000000000000, -0.0000000000000000000, -0.0000000000000000000 ) ) ;
#2320 = CYLINDRICAL_SURFACE ( 'NONE', #1873, 0.009999999999999998473 ) ;
#2321 = DIRECTION ( 'NONE',  ( 0.0000000000000000000, 0.0000000000000000000, 1.000000000000000000 ) ) ;
#2322 =( NAMED_UNIT ( * ) SI_UNIT ( $, .STERADIAN. ) SOLID_ANGLE_UNIT ( ) );
#2323 = AXIS2_PLACEMENT_3D ( 'NONE', #848, #1636, #2432 ) ;
#2324 = STYLED_ITEM ( 'NONE', ( #447 ), #310 ) ;
#2325 = SURFACE_STYLE_USAGE ( .BOTH. , #1526 ) ;
#2326 =( LENGTH_UNIT ( ) NAMED_UNIT ( * ) SI_UNIT ( .MILLI., .METRE. ) );
#2327 = ORIENTED_EDGE ( 'NONE', *, *, #1234, .T. ) ;
#2328 = EDGE_CURVE ( 'NONE', #2549, #2217, #2044, .T. ) ;
#2329 = TOROIDAL_SURFACE ( 'NONE', #2111, 0.02000000000000005246, 0.01000000000000001582 ) ;
#2330 = LINE ( 'NONE', #1558, #1509 ) ;
#2331 = CARTESIAN_POINT ( 'NONE',  ( -1.790000000000000036, 0.4400000000000000022, 0.2000000000000000111 ) ) ;
#2332 = FILL_AREA_STYLE_COLOUR ( '', #2253 ) ;
#2333 = LINE ( 'NONE', #360, #322 ) ;
#2334 =( NAMED_UNIT ( * ) SI_UNIT ( $, .STERADIAN. ) SOLID_ANGLE_UNIT ( ) );
#2335 = CIRCLE ( 'NONE', #925, 0.009999999999999998473 ) ;
#2336 = CARTESIAN_POINT ( 'NONE',  ( 1.320000000000000062, 0.7950000000000000400, 0.05000000000000011380 ) ) ;
#2337 = SURFACE_STYLE_USAGE ( .BOTH. , #1537 ) ;
#2338 =( GEOMETRIC_REPRESENTATION_CONTEXT ( 3 ) GLOBAL_UNCERTAINTY_ASSIGNED_CONTEXT ( ( #454 ) ) GLOBAL_UNIT_ASSIGNED_CONTEXT ( ( #2175, #2147, #2117 ) ) REPRESENTATION_CONTEXT ( 'NONE', 'WORKASPACE' ) );
#2339 = LINE ( 'NONE', #164, #1001 ) ;
#2340 = VECTOR ( 'NONE', #1126, 1000.000000000000000 ) ;
#2341 = CARTESIAN_POINT ( 'NONE',  ( 1.349999972849537988, -0.7950570794333853275, 0.2000000035185170999 ) ) ;
#2342 = EDGE_LOOP ( 'NONE', ( #1023, #1467, #28, #317, #216, #2233 ) ) ;
#2343 = ORIENTED_EDGE ( 'NONE', *, *, #575, .T. ) ;
#2344 = CIRCLE ( 'NONE', #1190, 0.01000000000000001235 ) ;
#2345 = LINE ( 'NONE', #937, #1257 ) ;
#2346 = ADVANCED_FACE ( 'NONE', ( #391 ), #2509, .T. ) ;
#2347 =( NAMED_UNIT ( * ) PLANE_ANGLE_UNIT ( ) SI_UNIT ( $, .RADIAN. ) );
#2348 = PRESENTATION_STYLE_ASSIGNMENT (( #2358 ) ) ;
#2349 = DIRECTION ( 'NONE',  ( 0.0000000000000000000, -1.000000000000000000, -6.776263578034384963E-16 ) ) ;
#2350 = DIRECTION ( 'NONE',  ( -1.445602896647356390E-14, 0.0000000000000000000, -1.000000000000000000 ) ) ;
#2351 = LINE ( 'NONE', #2106, #93 ) ;
#2352 = DIRECTION ( 'NONE',  ( 0.0000000000000000000, 0.0000000000000000000, 1.000000000000000000 ) ) ;
#2353 = FILL_AREA_STYLE_COLOUR ( '', #2291 ) ;
#2354 = DIRECTION ( 'NONE',  ( 0.0000000000000000000, 0.0000000000000000000, 1.000000000000000000 ) ) ;
#2355 = ORIENTED_EDGE ( 'NONE', *, *, #1366, .F. ) ;
#2356 = ORIENTED_EDGE ( 'NONE', *, *, #1074, .F. ) ;
#2357 = DIRECTION ( 'NONE',  ( -0.0000000000000000000, -1.000000000000000000, -0.0000000000000000000 ) ) ;
#2358 = SURFACE_STYLE_USAGE ( .BOTH. , #939 ) ;
#2359 =( NAMED_UNIT ( * ) SI_UNIT ( $, .STERADIAN. ) SOLID_ANGLE_UNIT ( ) );
#2360 = EDGE_CURVE ( 'NONE', #1372, #1319, #1267, .T. ) ;
#2361 = ADVANCED_FACE ( 'NONE', ( #1360 ), #2099, .F. ) ;
#2362 = DIRECTION ( 'NONE',  ( -0.0000000000000000000, -1.000000000000000000, 0.0000000000000000000 ) ) ;
#2363 =( NAMED_UNIT ( * ) SI_UNIT ( $, .STERADIAN. ) SOLID_ANGLE_UNIT ( ) );
#2364 = CARTESIAN_POINT ( 'NONE',  ( 1.256893567135040080, 0.7318935671350338401, 0.9200000000000000400 ) ) ;
#2365 = CIRCLE ( 'NONE', #2323, 0.009999999999999998473 ) ;
#2366 = LINE ( 'NONE', #1590, #2429 ) ;
#2367 = SURFACE_STYLE_FILL_AREA ( #969 ) ;
#2368 = ORIENTED_EDGE ( 'NONE', *, *, #1296, .T. ) ;
#2369 = EDGE_LOOP ( 'NONE', ( #285, #1769, #2163, #2087 ) ) ;
#2370 = CARTESIAN_POINT ( 'NONE',  ( 3.550762114890030177E-15, 0.7318935671350339511, 0.9499999999999999556 ) ) ;
#2371 = VECTOR ( 'NONE', #1069, 1000.000000000000000 ) ;
#2372 = FILL_AREA_STYLE_COLOUR ( '', #435 ) ;
#2373 = PRODUCT_CONTEXT ( 'NONE', #10, 'mechanical' ) ;
#2374 = ORIENTED_EDGE ( 'NONE', *, *, #1803, .F. ) ;
#2375 = EDGE_CURVE ( 'NONE', #1458, #1456, #1353, .T. ) ;
#2376 = LINE ( 'NONE', #211, #217 ) ;
#2377 = CARTESIAN_POINT ( 'NONE',  ( 1.350000000000000089, 0.7318935671350339511, 0.9499999999999999556 ) ) ;
#2378 = VERTEX_POINT ( 'NONE', #810 ) ;
#2379 = VECTOR ( 'NONE', #383, 1000.000000000000000 ) ;
#2380 = MECHANICAL_DESIGN_GEOMETRIC_PRESENTATION_REPRESENTATION (  '', ( #1549 ), #1258 ) ;
#2381 = AXIS2_PLACEMENT_3D ( 'NONE', #1082, #1863, #495 ) ;
#2382 = ORIENTED_EDGE ( 'NONE', *, *, #2477, .F. ) ;
#2383 = ORIENTED_EDGE ( 'NONE', *, *, #2515, .T. ) ;
#2384 =( GEOMETRIC_REPRESENTATION_CONTEXT ( 3 ) GLOBAL_UNCERTAINTY_ASSIGNED_CONTEXT ( ( #985 ) ) GLOBAL_UNIT_ASSIGNED_CONTEXT ( ( #2024, #76, #2359 ) ) REPRESENTATION_CONTEXT ( 'NONE', 'WORKASPACE' ) );
#2385 = CARTESIAN_POINT ( 'NONE',  ( 1.320057079367181530, -0.8249999728495822637, 0.2000000011649049614 ) ) ;
#2386 = COLOUR_RGB ( '',0.9764705882352940902, 0.9764705882352940902, 0.9764705882352940902 ) ;
#2387 = FACE_OUTER_BOUND ( 'NONE', #1984, .T. ) ;
#2388 = COLOUR_RGB ( '',0.9764705882352940902, 0.9764705882352940902, 0.9764705882352940902 ) ;
#2389 = CARTESIAN_POINT ( 'NONE',  ( 1.320000000000000062, 0.8149999999999999467, 0.05000000000000012768 ) ) ;
#2390 = AXIS2_PLACEMENT_3D ( 'NONE', #2315, #1731, #1177 ) ;
#2391 = PRESENTATION_LAYER_ASSIGNMENT (  '', '', ( #570 ) ) ;
#2392 = DIRECTION ( 'NONE',  ( 1.000000000000000000, -0.0000000000000000000, 0.0000000000000000000 ) ) ;
#2393 = ORIENTED_EDGE ( 'NONE', *, *, #98, .T. ) ;
#2394 =( NAMED_UNIT ( * ) SI_UNIT ( $, .STERADIAN. ) SOLID_ANGLE_UNIT ( ) );
#2395 = DIRECTION ( 'NONE',  ( -0.0000000000000000000, -1.000000000000000000, -0.0000000000000000000 ) ) ;
#2396 = ORIENTED_EDGE ( 'NONE', *, *, #914, .F. ) ;
#2397 = EDGE_CURVE ( 'NONE', #2446, #79, #1604, .T. ) ;
#2398 = EDGE_CURVE ( 'NONE', #1701, #2067, #1008, .T. ) ;
#2399 = SURFACE_SIDE_STYLE ('',( #2194 ) ) ;
#2400 = CARTESIAN_POINT ( 'NONE',  ( -1.060000000000000497, -0.4500000000000001221, 0.01000000000000000021 ) ) ;
#2401 = DIRECTION ( 'NONE',  ( -0.9961946980917455452, 0.0000000000000000000, 0.08715574274765815199 ) ) ;
#2402 = SURFACE_STYLE_FILL_AREA ( #56 ) ;
#2403 = CYLINDRICAL_SURFACE ( 'NONE', #2198, 0.02999999999999997113 ) ;
#2404 = DIRECTION ( 'NONE',  ( -1.000000000000000000, 0.0000000000000000000, 0.0000000000000000000 ) ) ;
#2405 = EDGE_LOOP ( 'NONE', ( #12, #65 ) ) ;
#2406 = CARTESIAN_POINT ( 'NONE',  ( 1.350000000000000089, 0.4400000000000000022, 0.1900000000000000022 ) ) ;
#2407 = SURFACE_STYLE_USAGE ( .BOTH. , #1828 ) ;
#2408 = EDGE_LOOP ( 'NONE', ( #971, #2191, #1723, #46, #35 ) ) ;
#2409 = SURFACE_STYLE_USAGE ( .BOTH. , #406 ) ;
#2410 = EDGE_CURVE ( 'NONE', #1373, #1889, #2203, .T. ) ;
#2411 = CARTESIAN_POINT ( 'NONE',  ( -1.350000000000000089, -0.4500000000000001221, 0.2000000000000000111 ) ) ;
#2412 = AXIS2_PLACEMENT_3D ( 'NONE', #2054, #1235, #308 ) ;
#2413 = STYLED_ITEM ( 'NONE', ( #1108 ), #449 ) ;
#2414 = PRESENTATION_STYLE_ASSIGNMENT (( #1285 ) ) ;
#2415 = ORIENTED_EDGE ( 'NONE', *, *, #1951, .T. ) ;
#2416 = DIRECTION ( 'NONE',  ( 1.000000000000000000, -0.0000000000000000000, -0.0000000000000000000 ) ) ;
#2417 = ORIENTED_EDGE ( 'NONE', *, *, #275, .T. ) ;
#2418 = PLANE ( 'NONE',  #2420 ) ;
#2419 = DIRECTION ( 'NONE',  ( 0.0000000000000000000, 1.000000000000000000, 0.0000000000000000000 ) ) ;
#2420 = AXIS2_PLACEMENT_3D ( 'NONE', #2171, #1771, #1607 ) ;
#2421 = CARTESIAN_POINT ( 'NONE',  ( -1.350000000000000089, -0.4400000000000000577, 0.2000000000000000111 ) ) ;
#2422 = COLOUR_RGB ( '',0.9764705882352940902, 0.9764705882352940902, 0.9764705882352940902 ) ;
#2423 = EDGE_CURVE ( 'NONE', #1554, #825, #795, .T. ) ;
#2424 =( NAMED_UNIT ( * ) SI_UNIT ( $, .STERADIAN. ) SOLID_ANGLE_UNIT ( ) );
#2425 = PRESENTATION_LAYER_ASSIGNMENT (  '', '', ( #281 ) ) ;
#2426 = EDGE_CURVE ( 'NONE', #494, #825, #1410, .T. ) ;
#2427 = EDGE_CURVE ( 'NONE', #1420, #1606, #2366, .T. ) ;
#2428 = LINE ( 'NONE', #653, #1455 ) ;
#2429 = VECTOR ( 'NONE', #413, 1000.000000000000000 ) ;
#2430 = ORIENTED_EDGE ( 'NONE', *, *, #175, .F. ) ;
#2431 = SURFACE_STYLE_FILL_AREA ( #1635 ) ;
#2432 = DIRECTION ( 'NONE',  ( 0.0000000000000000000, 0.0000000000000000000, -1.000000000000000000 ) ) ;
#2433 = FACE_OUTER_BOUND ( 'NONE', #845, .T. ) ;
#2434 = ORIENTED_EDGE ( 'NONE', *, *, #1233, .F. ) ;
#2435 = FACE_OUTER_BOUND ( 'NONE', #89, .T. ) ;
#2436 = EDGE_LOOP ( 'NONE', ( #773, #970, #2048, #1263 ) ) ;
#2437 = DIRECTION ( 'NONE',  ( -1.000000000000000000, 0.0000000000000000000, 0.0000000000000000000 ) ) ;
#2438 = CARTESIAN_POINT ( 'NONE',  ( -1.349966641657468935, -0.8125776599040397397, 0.2007620661148158125 ) ) ;
#2439 = EDGE_CURVE ( 'NONE', #1195, #1458, #1201, .T. ) ;
#2440 = LINE ( 'NONE', #1294, #369 ) ;
#2441 = DIRECTION ( 'NONE',  ( -0.0000000000000000000, -1.000000000000000000, 0.0000000000000000000 ) ) ;
#2442 = EDGE_CURVE ( 'NONE', #2179, #1319, #2192, .T. ) ;
#2443 = EDGE_CURVE ( 'NONE', #1864, #191, #408, .T. ) ;
#2444 = ORIENTED_EDGE ( 'NONE', *, *, #2552, .T. ) ;
#2445 = ORIENTED_EDGE ( 'NONE', *, *, #1777, .T. ) ;
#2446 = VERTEX_POINT ( 'NONE', #2219 ) ;
#2447 = DIRECTION ( 'NONE',  ( 3.357332851162544011E-13, -1.000000000000000000, 2.529805069120731299E-14 ) ) ;
#2448 = CARTESIAN_POINT ( 'NONE',  ( 1.790000000000000036, 0.4500000000000001221, 0.0000000000000000000 ) ) ;
#2449 = CYLINDRICAL_SURFACE ( 'NONE', #2126, 0.01000000000000000021 ) ;
#2450 =( LENGTH_UNIT ( ) NAMED_UNIT ( * ) SI_UNIT ( .MILLI., .METRE. ) );
#2451 = FACE_OUTER_BOUND ( 'NONE', #2088, .T. ) ;
#2452 = VECTOR ( 'NONE', #1338, 1000.000000000000000 ) ;
#2453 = ORIENTED_EDGE ( 'NONE', *, *, #2000, .F. ) ;
#2454 = EDGE_CURVE ( 'NONE', #862, #2294, #817, .T. ) ;
#2455 = EDGE_CURVE ( 'NONE', #1541, #1273, #1232, .T. ) ;
#2456 = CARTESIAN_POINT ( 'NONE',  ( 1.050000000000000044, 0.4500000000000001221, 0.0000000000000000000 ) ) ;
#2457 = ORIENTED_EDGE ( 'NONE', *, *, #95, .F. ) ;
#2458 = APPLICATION_CONTEXT ( 'automotive_design' ) ;
#2459 = FILL_AREA_STYLE_COLOUR ( '', #1429 ) ;
#2460 = ORIENTED_EDGE ( 'NONE', *, *, #2001, .T. ) ;
#2461 = DIRECTION ( 'NONE',  ( 1.445602896647340613E-14, 1.445602896647340613E-14, 1.000000000000000000 ) ) ;
#2462 = CYLINDRICAL_SURFACE ( 'NONE', #2176, 0.009999999999999998473 ) ;
#2463 = FACE_OUTER_BOUND ( 'NONE', #623, .T. ) ;
#2464 = ORIENTED_EDGE ( 'NONE', *, *, #1246, .T. ) ;
#2465 = CARTESIAN_POINT ( 'NONE',  ( -1.000002793905779841, -0.7318935671350339511, 0.9499999999999999556 ) ) ;
#2466 = CIRCLE ( 'NONE', #1345, 0.02000000000000005246 ) ;
#2467 = VECTOR ( 'NONE', #1096, 1000.000000000000000 ) ;
#2468 = AXIS2_PLACEMENT_3D ( 'NONE', #946, #1736, #1167 ) ;
#2469 = VERTEX_POINT ( 'NONE', #824 ) ;
#2470 = VECTOR ( 'NONE', #155, 1000.000000000000000 ) ;
#2471 = ORIENTED_EDGE ( 'NONE', *, *, #2082, .T. ) ;
#2472 = VECTOR ( 'NONE', #2252, 1000.000000000000000 ) ;
#2473 = FILL_AREA_STYLE ('',( #102 ) ) ;
#2474 = SURFACE_STYLE_USAGE ( .BOTH. , #1083 ) ;
#2475 =( NAMED_UNIT ( * ) SI_UNIT ( $, .STERADIAN. ) SOLID_ANGLE_UNIT ( ) );
#2476 = EDGE_CURVE ( 'NONE', #180, #2221, #1973, .T. ) ;
#2477 = EDGE_CURVE ( 'NONE', #1195, #1825, #2236, .T. ) ;
#2478 = VERTEX_POINT ( 'NONE', #72 ) ;
#2479 = CARTESIAN_POINT ( 'NONE',  ( -1.320000000000000062, -0.7950000000000000400, 0.05000000000000011380 ) ) ;
#2480 = CARTESIAN_POINT ( 'NONE',  ( -0.7999999999999972689, -0.7318935671350339511, 0.9510000000000001785 ) ) ;
#2481 = ORIENTED_EDGE ( 'NONE', *, *, #1480, .F. ) ;
#2482 = ORIENTED_EDGE ( 'NONE', *, *, #822, .F. ) ;
#2483 =( LENGTH_UNIT ( ) NAMED_UNIT ( * ) SI_UNIT ( .MILLI., .METRE. ) );
#2484 = FACE_OUTER_BOUND ( 'NONE', #2241, .T. ) ;
#2485 = SURFACE_SIDE_STYLE ('',( #1101 ) ) ;
#2486 = ORIENTED_EDGE ( 'NONE', *, *, #68, .F. ) ;
#2487 = ORIENTED_EDGE ( 'NONE', *, *, #634, .T. ) ;
#2488 = DIRECTION ( 'NONE',  ( 0.0000000000000000000, -0.9961946980917455452, 0.08715574274765815199 ) ) ;
#2489 = EDGE_CURVE ( 'NONE', #1959, #540, #1311, .T. ) ;
#2490 = DIRECTION ( 'NONE',  ( -0.0000000000000000000, -1.000000000000000000, -0.0000000000000000000 ) ) ;
#2491 = PLANE ( 'NONE',  #2511 ) ;
#2492 = ORIENTED_EDGE ( 'NONE', *, *, #1890, .F. ) ;
#2493 = DIRECTION ( 'NONE',  ( -1.000000000000000000, 0.0000000000000000000, 0.0000000000000000000 ) ) ;
#2494 = FILL_AREA_STYLE ('',( #1739 ) ) ;
#2495 =( GEOMETRIC_REPRESENTATION_CONTEXT ( 3 ) GLOBAL_UNCERTAINTY_ASSIGNED_CONTEXT ( ( #1384 ) ) GLOBAL_UNIT_ASSIGNED_CONTEXT ( ( #2244, #1266, #2475 ) ) REPRESENTATION_CONTEXT ( 'NONE', 'WORKASPACE' ) );
#2496 = UNCERTAINTY_MEASURE_WITH_UNIT (LENGTH_MEASURE( 1.000000000000000082E-05 ), #366, 'distance_accuracy_value', 'NONE');
#2497 = LINE ( 'NONE', #1162, #814 ) ;
#2498 = ORIENTED_EDGE ( 'NONE', *, *, #340, .F. ) ;
#2499 = LINE ( 'NONE', #107, #811 ) ;
#2500 =( GEOMETRIC_REPRESENTATION_CONTEXT ( 3 ) GLOBAL_UNCERTAINTY_ASSIGNED_CONTEXT ( ( #329 ) ) GLOBAL_UNIT_ASSIGNED_CONTEXT ( ( #423, #1228, #247 ) ) REPRESENTATION_CONTEXT ( 'NONE', 'WORKASPACE' ) );
#2501 = VECTOR ( 'NONE', #2532, 1000.000000000000000 ) ;
#2502 = DIRECTION ( 'NONE',  ( 3.855935168389960214E-16, -3.855935168389912389E-16, 1.000000000000000000 ) ) ;
#2503 = COLOUR_RGB ( '',0.9764705882352940902, 0.9764705882352940902, 0.9764705882352940902 ) ;
#2504 = ORIENTED_EDGE ( 'NONE', *, *, #1523, .F. ) ;
#2505 = ADVANCED_FACE ( 'NONE', ( #2053 ), #2064, .T. ) ;
#2506 = EDGE_CURVE ( 'NONE', #792, #2030, #2440, .T. ) ;
#2507 = DIRECTION ( 'NONE',  ( -1.000000000000000000, 0.0000000000000000000, 4.517509052022923637E-16 ) ) ;
#2508 = VECTOR ( 'NONE', #616, 1000.000000000000114 ) ;
#2509 = TOROIDAL_SURFACE ( 'NONE', #2390, 0.02000000000000026756, 0.01000000000000001582 ) ;
#2510 = ORIENTED_EDGE ( 'NONE', *, *, #1297, .F. ) ;
#2511 = AXIS2_PLACEMENT_3D ( 'NONE', #2539, #2514, #743 ) ;
#2512 = CARTESIAN_POINT ( 'NONE',  ( 1.350000000000000089, 0.4500000000000001221, 0.2000000000000000111 ) ) ;
#2513 = DIRECTION ( 'NONE',  ( 0.0000000000000000000, 0.0000000000000000000, -1.000000000000000000 ) ) ;
#2514 = DIRECTION ( 'NONE',  ( 0.0000000000000000000, 0.0000000000000000000, 1.000000000000000000 ) ) ;
#2515 = EDGE_CURVE ( 'NONE', #191, #2294, #94, .T. ) ;
#2516 =( LENGTH_UNIT ( ) NAMED_UNIT ( * ) SI_UNIT ( .MILLI., .METRE. ) );
#2517 = DIRECTION ( 'NONE',  ( 1.000000000000000000, 0.0000000000000000000, 0.0000000000000000000 ) ) ;
#2518 = DIRECTION ( 'NONE',  ( 0.0000000000000000000, 0.0000000000000000000, -1.000000000000000000 ) ) ;
#2519 = CARTESIAN_POINT ( 'NONE',  ( -1.256893567135030088, 0.7618014975023726931, 0.9223485529890589341 ) ) ;
#2520 = ORIENTED_EDGE ( 'NONE', *, *, #2266, .F. ) ;
#2521 = UNCERTAINTY_MEASURE_WITH_UNIT (LENGTH_MEASURE( 1.000000000000000082E-05 ), #595, 'distance_accuracy_value', 'NONE');
#2522 = DIRECTION ( 'NONE',  ( 0.0000000000000000000, 1.000000000000000000, 0.0000000000000000000 ) ) ;
#2523 = CARTESIAN_POINT ( 'NONE',  ( 1.050000000000000044, 0.4400000000000000022, 0.01000000000000000021 ) ) ;
#2524 = CARTESIAN_POINT ( 'NONE',  ( 1.350000000000000089, -0.7318935671350339511, 0.9499999999999999556 ) ) ;
#2525 = CARTESIAN_POINT ( 'NONE',  ( -1.320000000000000062, 0.8249999999999998446, 0.06000000000000001166 ) ) ;
#2526 = APPLICATION_PROTOCOL_DEFINITION ( 'draft international standard', 'automotive_design', 1998, #10 ) ;
#2527 = DIRECTION ( 'NONE',  ( -1.000000000000000000, 0.0000000000000000000, 0.0000000000000000000 ) ) ;
#2528 = DIRECTION ( 'NONE',  ( 0.0000000000000000000, 0.0000000000000000000, -1.000000000000000000 ) ) ;
#2529 = AXIS2_PLACEMENT_3D ( 'NONE', #2336, #568, #2137 ) ;
#2530 = EDGE_CURVE ( 'NONE', #984, #1373, #1465, .T. ) ;
#2531 = EDGE_CURVE ( 'NONE', #1554, #450, #877, .T. ) ;
#2532 = DIRECTION ( 'NONE',  ( 1.000000000000000000, 0.0000000000000000000, 0.0000000000000000000 ) ) ;
#2533 = ORIENTED_EDGE ( 'NONE', *, *, #2312, .T. ) ;
#2534 = ORIENTED_EDGE ( 'NONE', *, *, #2097, .F. ) ;
#2535 = DIRECTION ( 'NONE',  ( 0.0000000000000000000, -0.0000000000000000000, 1.000000000000000000 ) ) ;
#2536 = FILL_AREA_STYLE ('',( #1954 ) ) ;
#2537 = CARTESIAN_POINT ( 'NONE',  ( 1.349999783617002125, -0.7951139426742508398, 0.2000024732689760498 ) ) ;
#2538 = DIRECTION ( 'NONE',  ( 0.0000000000000000000, -1.000000000000000000, 0.0000000000000000000 ) ) ;
#2539 = CARTESIAN_POINT ( 'NONE',  ( -1.050000000000000044, 0.4500000000000001221, 0.2000000000000000111 ) ) ;
#2540 = MECHANICAL_DESIGN_GEOMETRIC_PRESENTATION_REPRESENTATION (  '', ( #844 ), #2287 ) ;
#2541 = AXIS2_PLACEMENT_3D ( 'NONE', #2364, #213, #1577 ) ;
#2542 = FACE_OUTER_BOUND ( 'NONE', #1031, .T. ) ;
#2543 = AXIS2_PLACEMENT_3D ( 'NONE', #847, #267, #1852 ) ;
#2544 = AXIS2_PLACEMENT_3D ( 'NONE', #320, #661, #854 ) ;
#2545 = FILL_AREA_STYLE ('',( #1937 ) ) ;
#2546 = ADVANCED_FACE ( 'NONE', ( #282 ), #2491, .T. ) ;
#2547 = CARTESIAN_POINT ( 'NONE',  ( -1.060000000000000497, -0.4500000000000001221, 0.05000000000000007910 ) ) ;
#2548 = ORIENTED_EDGE ( 'NONE', *, *, #1204, .T. ) ;
#2549 = VERTEX_POINT ( 'NONE', #2308 ) ;
#2550 = FILL_AREA_STYLE ('',( #2113 ) ) ;
#2551 = EDGE_CURVE ( 'NONE', #1688, #2217, #1754, .T. ) ;
#2552 = EDGE_CURVE ( 'NONE', #2263, #2043, #1337, .T. ) ;
#2553 = AXIS2_PLACEMENT_3D ( 'NONE', #1995, #2177, #410 ) ;
#2554 = CARTESIAN_POINT ( 'NONE',  ( -1.310162006657660028, -0.7851620066576660006, 0.3111389501698459958 ) ) ;
#2555 = FACE_OUTER_BOUND ( 'NONE', #1503, .T. ) ;
#2556 = FILL_AREA_STYLE ('',( #1752 ) ) ;
ENDSEC;
END-ISO-10303-21;
